fecha,periodo,dia_semana,es_fin_de_semana,es_quincena,nombre_item,tipo_item,precio_unitario,costo_unitario_insumo,demanda,pronostico,preparado,vendido,merma_unidades,demanda_insatisfecha,desviacion_abs,venta_simulada,costo_merma,venta_perdida
2022-04-08,2022-04,Vie,False,False,Aalopuri,Fastfood,20.0,7.0,0,0.0,0,0,0,0,0,0.0,0.0,0.0
2022-04-08,2022-04,Vie,False,False,Cold coffee,Beverages,40.0,14.0,0,0.0,0,0,0,0,0,0.0,0.0,0.0
2022-04-08,2022-04,Vie,False,False,Frankie,Fastfood,50.0,17.5,1,0.0,0,0,0,1,1,0.0,0.0,50.0
2022-04-08,2022-04,Vie,False,False,Panipuri,Fastfood,20.0,7.0,11,0.0,0,0,0,11,11,0.0,0.0,220.0
2022-04-08,2022-04,Vie,False,False,Sandwich,Fastfood,60.0,21.0,0,7.0,8,0,8,0,8,0.0,168.0,0.0
2022-04-08,2022-04,Vie,False,False,Sugarcane juice,Beverages,25.0,8.75,0,0.0,0,0,0,0,0,0.0,0.0,0.0
2022-04-08,2022-04,Vie,False,False,Vadapav,Fastfood,20.0,7.0,4,0.0,0,0,0,4,4,0.0,0.0,80.0
2022-04-09,2022-04,Sáb,True,False,Aalopuri,Fastfood,20.0,7.0,10,0.0,0,0,0,10,10,0.0,0.0,200.0
2022-04-09,2022-04,Sáb,True,False,Cold coffee,Beverages,40.0,14.0,6,15.0,17,6,11,0,11,240.0,154.0,0.0
2022-04-09,2022-04,Sáb,True,False,Frankie,Fastfood,50.0,17.5,0,0.0,0,0,0,0,0,0.0,0.0,0.0
2022-04-09,2022-04,Sáb,True,False,Panipuri,Fastfood,20.0,7.0,0,0.0,0,0,0,0,0,0.0,0.0,0.0
2022-04-09,2022-04,Sáb,True,False,Sandwich,Fastfood,60.0,21.0,1,15.0,17,1,16,0,16,60.0,336.0,0.0
2022-04-09,2022-04,Sáb,True,False,Sugarcane juice,Beverages,25.0,8.75,0,0.0,0,0,0,0,0,0.0,0.0,0.0
2022-04-09,2022-04,Sáb,True,False,Vadapav,Fastfood,20.0,7.0,12,0.0,0,0,0,12,12,0.0,0.0,240.0
2022-04-10,2022-04,Dom,True,False,Aalopuri,Fastfood,20.0,7.0,15,10.0,11,11,0,4,4,220.0,0.0,80.0
2022-04-10,2022-04,Dom,True,False,Cold coffee,Beverages,40.0,14.0,0,0.0,0,0,0,0,0,0.0,0.0,0.0
2022-04-10,2022-04,Dom,True,False,Frankie,Fastfood,50.0,17.5,4,0.0,0,0,0,4,4,0.0,0.0,200.0
2022-04-10,2022-04,Dom,True,False,Panipuri,Fastfood,20.0,7.0,0,11.0,13,0,13,0,13,0.0,91.0,0.0
2022-04-10,2022-04,Dom,True,False,Sandwich,Fastfood,60.0,21.0,0,1.0,2,0,2,0,2,0.0,42.0,0.0
2022-04-10,2022-04,Dom,True,False,Sugarcane juice,Beverages,25.0,8.75,0,0.0,0,0,0,0,0,0.0,0.0,0.0
2022-04-10,2022-04,Dom,True,False,Vadapav,Fastfood,20.0,7.0,7,0.0,0,0,0,7,7,0.0,0.0,140.0
2022-04-11,2022-04,Lun,False,False,Aalopuri,Fastfood,20.0,7.0,0,0.0,0,0,0,0,0,0.0,0.0,0.0
2022-04-11,2022-04,Lun,False,False,Cold coffee,Beverages,40.0,14.0,0,19.0,21,0,21,0,21,0.0,294.0,0.0
2022-04-11,2022-04,Lun,False,False,Frankie,Fastfood,50.0,17.5,0,0.0,0,0,0,0,0,0.0,0.0,0.0
2022-04-11,2022-04,Lun,False,False,Panipuri,Fastfood,20.0,7.0,0,0.0,0,0,0,0,0,0.0,0.0,0.0
2022-04-11,2022-04,Lun,False,False,Sandwich,Fastfood,60.0,21.0,0,29.0,32,0,32,0,32,0.0,672.0,0.0
2022-04-11,2022-04,Lun,False,False,Sugarcane juice,Beverages,25.0,8.75,0,0.0,0,0,0,0,0,0.0,0.0,0.0
2022-04-11,2022-04,Lun,False,False,Vadapav,Fastfood,20.0,7.0,6,0.0,0,0,0,6,6,0.0,0.0,120.0
2022-04-12,2022-04,Mar,False,False,Aalopuri,Fastfood,20.0,7.0,0,0.0,0,0,0,0,0,0.0,0.0,0.0
2022-04-12,2022-04,Mar,False,False,Cold coffee,Beverages,40.0,14.0,0,0.0,0,0,0,0,0,0.0,0.0,0.0
2022-04-12,2022-04,Mar,False,False,Frankie,Fastfood,50.0,17.5,0,2.0,3,0,3,0,3,0.0,52.5,0.0
2022-04-12,2022-04,Mar,False,False,Panipuri,Fastfood,20.0,7.0,0,0.0,0,0,0,0,0,0.0,0.0,0.0
2022-04-12,2022-04,Mar,False,False,Sandwich,Fastfood,60.0,21.0,1,0.0,0,0,0,1,1,0.0,0.0,60.0
2022-04-12,2022-04,Mar,False,False,Sugarcane juice,Beverages,25.0,8.75,0,0.0,0,0,0,0,0,0.0,0.0,0.0
2022-04-12,2022-04,Mar,False,False,Vadapav,Fastfood,20.0,7.0,10,0.0,0,0,0,10,10,0.0,0.0,200.0
2022-04-13,2022-04,Mié,False,False,Aalopuri,Fastfood,20.0,7.0,0,0.0,0,0,0,0,0,0.0,0.0,0.0
2022-04-13,2022-04,Mié,False,False,Cold coffee,Beverages,40.0,14.0,0,0.0,0,0,0,0,0,0.0,0.0,0.0
2022-04-13,2022-04,Mié,False,False,Frankie,Fastfood,50.0,17.5,0,0.0,0,0,0,0,0,0.0,0.0,0.0
2022-04-13,2022-04,Mié,False,False,Panipuri,Fastfood,20.0,7.0,0,0.0,0,0,0,0,0,0.0,0.0,0.0
2022-04-13,2022-04,Mié,False,False,Sandwich,Fastfood,60.0,21.0,0,0.0,0,0,0,0,0,0.0,0.0,0.0
2022-04-13,2022-04,Mié,False,False,Sugarcane juice,Beverages,25.0,8.75,0,0.0,0,0,0,0,0,0.0,0.0,0.0
2022-04-13,2022-04,Mié,False,False,Vadapav,Fastfood,20.0,7.0,0,0.0,0,0,0,0,0,0.0,0.0,0.0
2022-04-14,2022-04,Jue,False,False,Aalopuri,Fastfood,20.0,7.0,0,0.0,0,0,0,0,0,0.0,0.0,0.0
2022-04-14,2022-04,Jue,False,False,Cold coffee,Beverages,40.0,14.0,0,0.0,0,0,0,0,0,0.0,0.0,0.0
2022-04-14,2022-04,Jue,False,False,Frankie,Fastfood,50.0,17.5,0,0.0,0,0,0,0,0,0.0,0.0,0.0
2022-04-14,2022-04,Jue,False,False,Panipuri,Fastfood,20.0,7.0,0,0.0,0,0,0,0,0,0.0,0.0,0.0
2022-04-14,2022-04,Jue,False,False,Sandwich,Fastfood,60.0,21.0,11,24.0,27,11,16,0,16,660.0,336.0,0.0
2022-04-14,2022-04,Jue,False,False,Sugarcane juice,Beverages,25.0,8.75,0,0.0,0,0,0,0,0,0.0,0.0,0.0
2022-04-14,2022-04,Jue,False,False,Vadapav,Fastfood,20.0,7.0,0,3.0,4,0,4,0,4,0.0,28.0,0.0
2022-04-15,2022-04,Vie,False,True,Aalopuri,Fastfood,20.0,7.0,0,0.0,0,0,0,0,0,0.0,0.0,0.0
2022-04-15,2022-04,Vie,False,True,Cold coffee,Beverages,40.0,14.0,0,0.0,0,0,0,0,0,0.0,0.0,0.0
2022-04-15,2022-04,Vie,False,True,Frankie,Fastfood,50.0,17.5,0,0.5,1,0,1,0,1,0.0,17.5,0.0
2022-04-15,2022-04,Vie,False,True,Panipuri,Fastfood,20.0,7.0,0,5.5,7,0,7,0,7,0.0,49.0,0.0
2022-04-15,2022-04,Vie,False,True,Sandwich,Fastfood,60.0,21.0,0,3.5,4,0,4,0,4,0.0,84.0,0.0
2022-04-15,2022-04,Vie,False,True,Sugarcane juice,Beverages,25.0,8.75,3,0.0,0,0,0,3,3,0.0,0.0,75.0
2022-04-15,2022-04,Vie,False,True,Vadapav,Fastfood,20.0,7.0,0,2.0,3,0,3,0,3,0.0,21.0,0.0
2022-04-16,2022-04,Sáb,True,True,Aalopuri,Fastfood,20.0,7.0,0,5.0,6,0,6,0,6,0.0,42.0,0.0
2022-04-16,2022-04,Sáb,True,True,Cold coffee,Beverages,40.0,14.0,0,10.5,12,0,12,0,12,0.0,168.0,0.0
2022-04-16,2022-04,Sáb,True,True,Frankie,Fastfood,50.0,17.5,6,0.0,0,0,0,6,6,0.0,0.0,300.0
2022-04-16,2022-04,Sáb,True,True,Panipuri,Fastfood,20.0,7.0,0,0.0,0,0,0,0,0,0.0,0.0,0.0
2022-04-16,2022-04,Sáb,True,True,Sandwich,Fastfood,60.0,21.0,6,8.0,9,6,3,0,3,360.0,63.0,0.0
2022-04-16,2022-04,Sáb,True,True,Sugarcane juice,Beverages,25.0,8.75,3,0.0,0,0,0,3,3,0.0,0.0,75.0
2022-04-16,2022-04,Sáb,True,True,Vadapav,Fastfood,20.0,7.0,0,6.0,7,0,7,0,7,0.0,49.0,0.0
2022-04-17,2022-04,Dom,True,False,Aalopuri,Fastfood,20.0,7.0,0,12.5,14,0,14,0,14,0.0,98.0,0.0
2022-04-17,2022-04,Dom,True,False,Cold coffee,Beverages,40.0,14.0,0,0.0,0,0,0,0,0,0.0,0.0,0.0
2022-04-17,2022-04,Dom,True,False,Frankie,Fastfood,50.0,17.5,5,2.0,3,3,0,2,2,150.0,0.0,100.0
2022-04-17,2022-04,Dom,True,False,Panipuri,Fastfood,20.0,7.0,0,5.5,7,0,7,0,7,0.0,49.0,0.0
2022-04-17,2022-04,Dom,True,False,Sandwich,Fastfood,60.0,21.0,12,0.5,1,1,0,11,11,60.0,0.0,660.0
2022-04-17,2022-04,Dom,True,False,Sugarcane juice,Beverages,25.0,8.75,11,0.0,0,0,0,11,11,0.0,0.0,275.0
2022-04-17,2022-04,Dom,True,False,Vadapav,Fastfood,20.0,7.0,0,3.5,4,0,4,0,4,0.0,28.0,0.0
2022-04-18,2022-04,Lun,False,False,Aalopuri,Fastfood,20.0,7.0,12,0.0,0,0,0,12,12,0.0,0.0,240.0
2022-04-18,2022-04,Lun,False,False,Cold coffee,Beverages,40.0,14.0,0,9.5,11,0,11,0,11,0.0,154.0,0.0
2022-04-18,2022-04,Lun,False,False,Frankie,Fastfood,50.0,17.5,0,0.0,0,0,0,0,0,0.0,0.0,0.0
2022-04-18,2022-04,Lun,False,False,Panipuri,Fastfood,20.0,7.0,0,0.0,0,0,0,0,0,0.0,0.0,0.0
2022-04-18,2022-04,Lun,False,False,Sandwich,Fastfood,60.0,21.0,0,14.5,16,0,16,0,16,0.0,336.0,0.0
2022-04-18,2022-04,Lun,False,False,Sugarcane juice,Beverages,25.0,8.75,0,0.0,0,0,0,0,0,0.0,0.0,0.0
2022-04-18,2022-04,Lun,False,False,Vadapav,Fastfood,20.0,7.0,0,3.0,4,0,4,0,4,0.0,28.0,0.0
2022-04-19,2022-04,Mar,False,False,Aalopuri,Fastfood,20.0,7.0,0,0.0,0,0,0,0,0,0.0,0.0,0.0
2022-04-19,2022-04,Mar,False,False,Cold coffee,Beverages,40.0,14.0,1,0.0,0,0,0,1,1,0.0,0.0,40.0
2022-04-19,2022-04,Mar,False,False,Frankie,Fastfood,50.0,17.5,0,1.0,2,0,2,0,2,0.0,35.0,0.0
2022-04-19,2022-04,Mar,False,False,Panipuri,Fastfood,20.0,7.0,0,0.0,0,0,0,0,0,0.0,0.0,0.0
2022-04-19,2022-04,Mar,False,False,Sandwich,Fastfood,60.0,21.0,4,0.5,1,1,0,3,3,60.0,0.0,180.0
2022-04-19,2022-04,Mar,False,False,Sugarcane juice,Beverages,25.0,8.75,0,0.0,0,0,0,0,0,0.0,0.0,0.0
2022-04-19,2022-04,Mar,False,False,Vadapav,Fastfood,20.0,7.0,0,5.0,6,0,6,0,6,0.0,42.0,0.0
2022-04-20,2022-04,Mié,False,False,Aalopuri,Fastfood,20.0,7.0,5,0.0,0,0,0,5,5,0.0,0.0,100.0
2022-04-20,2022-04,Mié,False,False,Cold coffee,Beverages,40.0,14.0,16,0.0,0,0,0,16,16,0.0,0.0,640.0
2022-04-20,2022-04,Mié,False,False,Frankie,Fastfood,50.0,17.5,0,0.0,0,0,0,0,0,0.0,0.0,0.0
2022-04-20,2022-04,Mié,False,False,Panipuri,Fastfood,20.0,7.0,0,0.0,0,0,0,0,0,0.0,0.0,0.0
2022-04-20,2022-04,Mié,False,False,Sandwich,Fastfood,60.0,21.0,0,0.0,0,0,0,0,0,0.0,0.0,0.0
2022-04-20,2022-04,Mié,False,False,Sugarcane juice,Beverages,25.0,8.75,0,0.0,0,0,0,0,0,0.0,0.0,0.0
2022-04-20,2022-04,Mié,False,False,Vadapav,Fastfood,20.0,7.0,0,0.0,0,0,0,0,0,0.0,0.0,0.0
2022-04-21,2022-04,Jue,False,False,Aalopuri,Fastfood,20.0,7.0,1,0.0,0,0,0,1,1,0.0,0.0,20.0
2022-04-21,2022-04,Jue,False,False,Cold coffee,Beverages,40.0,14.0,0,0.0,0,0,0,0,0,0.0,0.0,0.0
2022-04-21,2022-04,Jue,False,False,Frankie,Fastfood,50.0,17.5,0,0.0,0,0,0,0,0,0.0,0.0,0.0
2022-04-21,2022-04,Jue,False,False,Panipuri,Fastfood,20.0,7.0,8,0.0,0,0,0,8,8,0.0,0.0,160.0
2022-04-21,2022-04,Jue,False,False,Sandwich,Fastfood,60.0,21.0,0,17.5,20,0,20,0,20,0.0,420.0,0.0
2022-04-21,2022-04,Jue,False,False,Sugarcane juice,Beverages,25.0,8.75,9,0.0,0,0,0,9,9,0.0,0.0,225.0
2022-04-21,2022-04,Jue,False,False,Vadapav,Fastfood,20.0,7.0,0,1.5,2,0,2,0,2,0.0,14.0,0.0
2022-04-22,2022-04,Vie,False,False,Aalopuri,Fastfood,20.0,7.0,0,0.0,0,0,0,0,0,0.0,0.0,0.0
2022-04-22,2022-04,Vie,False,False,Cold coffee,Beverages,40.0,14.0,0,0.0,0,0,0,0,0,0.0,0.0,0.0
2022-04-22,2022-04,Vie,False,False,Frankie,Fastfood,50.0,17.5,0,0.33,1,0,1,0,1,0.0,17.5,0.0
2022-04-22,2022-04,Vie,False,False,Panipuri,Fastfood,20.0,7.0,14,3.67,5,5,0,9,9,100.0,0.0,180.0
2022-04-22,2022-04,Vie,False,False,Sandwich,Fastfood,60.0,21.0,0,2.33,3,0,3,0,3,0.0,63.0,0.0
2022-04-22,2022-04,Vie,False,False,Sugarcane juice,Beverages,25.0,8.75,0,1.0,2,0,2,0,2,0.0,17.5,0.0
2022-04-22,2022-04,Vie,False,False,Vadapav,Fastfood,20.0,7.0,0,1.33,2,0,2,0,2,0.0,14.0,0.0
2022-04-23,2022-04,Sáb,True,False,Aalopuri,Fastfood,20.0,7.0,0,3.33,4,0,4,0,4,0.0,28.0,0.0
2022-04-23,2022-04,Sáb,True,False,Cold coffee,Beverages,40.0,14.0,0,7.0,8,0,8,0,8,0.0,112.0,0.0
2022-04-23,2022-04,Sáb,True,False,Frankie,Fastfood,50.0,17.5,0,2.0,3,0,3,0,3,0.0,52.5,0.0
2022-04-23,2022-04,Sáb,True,False,Panipuri,Fastfood,20.0,7.0,9,0.0,0,0,0,9,9,0.0,0.0,180.0
2022-04-23,2022-04,Sáb,True,False,Sandwich,Fastfood,60.0,21.0,4,7.33,9,4,5,0,5,240.0,105.0,0.0
2022-04-23,2022-04,Sáb,True,False,Sugarcane juice,Beverages,25.0,8.75,13,1.0,2,2,0,11,11,50.0,0.0,275.0
2022-04-23,2022-04,Sáb,True,False,Vadapav,Fastfood,20.0,7.0,13,4.0,5,5,0,8,8,100.0,0.0,160.0
2022-04-24,2022-04,Dom,True,False,Aalopuri,Fastfood,20.0,7.0,0,8.33,10,0,10,0,10,0.0,70.0,0.0
2022-04-24,2022-04,Dom,True,False,Cold coffee,Beverages,40.0,14.0,0,0.0,0,0,0,0,0,0.0,0.0,0.0
2022-04-24,2022-04,Dom,True,False,Frankie,Fastfood,50.0,17.5,0,3.0,4,0,4,0,4,0.0,70.0,0.0
2022-04-24,2022-04,Dom,True,False,Panipuri,Fastfood,20.0,7.0,3,3.67,5,3,2,0,2,60.0,14.0,0.0
2022-04-24,2022-04,Dom,True,False,Sandwich,Fastfood,60.0,21.0,0,4.33,5,0,5,0,5,0.0,105.0,0.0
2022-04-24,2022-04,Dom,True,False,Sugarcane juice,Beverages,25.0,8.75,0,3.67,5,0,5,0,5,0.0,43.75,0.0
2022-04-24,2022-04,Dom,True,False,Vadapav,Fastfood,20.0,7.0,5,2.33,3,3,0,2,2,60.0,0.0,40.0
2022-04-25,2022-04,Lun,False,False,Aalopuri,Fastfood,20.0,7.0,0,4.0,5,0,5,0,5,0.0,35.0,0.0
2022-04-25,2022-04,Lun,False,False,Cold coffee,Beverages,40.0,14.0,0,6.33,7,0,7,0,7,0.0,98.0,0.0
2022-04-25,2022-04,Lun,False,False,Frankie,Fastfood,50.0,17.5,0,0.0,0,0,0,0,0,0.0,0.0,0.0
2022-04-25,2022-04,Lun,False,False,Panipuri,Fastfood,20.0,7.0,0,0.0,0,0,0,0,0,0.0,0.0,0.0
2022-04-25,2022-04,Lun,False,False,Sandwich,Fastfood,60.0,21.0,0,9.67,11,0,11,0,11,0.0,231.0,0.0
2022-04-25,2022-04,Lun,False,False,Sugarcane juice,Beverages,25.0,8.75,0,0.0,0,0,0,0,0,0.0,0.0,0.0
2022-04-25,2022-04,Lun,False,False,Vadapav,Fastfood,20.0,7.0,9,2.0,3,3,0,6,6,60.0,0.0,120.0
2022-04-26,2022-04,Mar,False,False,Aalopuri,Fastfood,20.0,7.0,0,0.0,0,0,0,0,0,0.0,0.0,0.0
2022-04-26,2022-04,Mar,False,False,Cold coffee,Beverages,40.0,14.0,14,0.33,1,1,0,13,13,40.0,0.0,520.0
2022-04-26,2022-04,Mar,False,False,Frankie,Fastfood,50.0,17.5,0,0.67,1,0,1,0,1,0.0,17.5,0.0
2022-04-26,2022-04,Mar,False,False,Panipuri,Fastfood,20.0,7.0,0,0.0,0,0,0,0,0,0.0,0.0,0.0
2022-04-26,2022-04,Mar,False,False,Sandwich,Fastfood,60.0,21.0,0,1.67,2,0,2,0,2,0.0,42.0,0.0
2022-04-26,2022-04,Mar,False,False,Sugarcane juice,Beverages,25.0,8.75,0,0.0,0,0,0,0,0,0.0,0.0,0.0
2022-04-26,2022-04,Mar,False,False,Vadapav,Fastfood,20.0,7.0,13,3.33,4,4,0,9,9,80.0,0.0,180.0
2022-04-27,2022-04,Mié,False,False,Aalopuri,Fastfood,20.0,7.0,0,1.67,2,0,2,0,2,0.0,14.0,0.0
2022-04-27,2022-04,Mié,False,False,Cold coffee,Beverages,40.0,14.0,0,5.33,6,0,6,0,6,0.0,84.0,0.0
2022-04-27,2022-04,Mié,False,False,Frankie,Fastfood,50.0,17.5,0,0.0,0,0,0,0,0,0.0,0.0,0.0
2022-04-27,2022-04,Mié,False,False,Panipuri,Fastfood,20.0,7.0,11,0.0,0,0,0,11,11,0.0,0.0,220.0
2022-04-27,2022-04,Mié,False,False,Sandwich,Fastfood,60.0,21.0,0,0.0,0,0,0,0,0,0.0,0.0,0.0
2022-04-27,2022-04,Mié,False,False,Sugarcane juice,Beverages,25.0,8.75,0,0.0,0,0,0,0,0,0.0,0.0,0.0
2022-04-27,2022-04,Mié,False,False,Vadapav,Fastfood,20.0,7.0,0,0.0,0,0,0,0,0,0.0,0.0,0.0
2022-04-28,2022-04,Jue,False,False,Aalopuri,Fastfood,20.0,7.0,7,0.33,1,1,0,6,6,20.0,0.0,120.0
2022-04-28,2022-04,Jue,False,False,Cold coffee,Beverages,40.0,14.0,0,0.0,0,0,0,0,0,0.0,0.0,0.0
2022-04-28,2022-04,Jue,False,False,Frankie,Fastfood,50.0,17.5,0,0.0,0,0,0,0,0,0.0,0.0,0.0
2022-04-28,2022-04,Jue,False,False,Panipuri,Fastfood,20.0,7.0,0,2.67,3,0,3,0,3,0.0,21.0,0.0
2022-04-28,2022-04,Jue,False,False,Sandwich,Fastfood,60.0,21.0,0,11.67,13,0,13,0,13,0.0,273.0,0.0
2022-04-28,2022-04,Jue,False,False,Sugarcane juice,Beverages,25.0,8.75,0,3.0,4,0,4,0,4,0.0,35.0,0.0
2022-04-28,2022-04,Jue,False,False,Vadapav,Fastfood,20.0,7.0,0,1.0,2,0,2,0,2,0.0,14.0,0.0
2022-04-29,2022-04,Vie,False,False,Aalopuri,Fastfood,20.0,7.0,8,0.0,0,0,0,8,8,0.0,0.0,160.0
2022-04-29,2022-04,Vie,False,False,Cold coffee,Beverages,40.0,14.0,0,0.0,0,0,0,0,0,0.0,0.0,0.0
2022-04-29,2022-04,Vie,False,False,Frankie,Fastfood,50.0,17.5,0,0.25,1,0,1,0,1,0.0,17.5,0.0
2022-04-29,2022-04,Vie,False,False,Panipuri,Fastfood,20.0,7.0,0,6.25,7,0,7,0,7,0.0,49.0,0.0
2022-04-29,2022-04,Vie,False,False,Sandwich,Fastfood,60.0,21.0,0,1.75,2,0,2,0,2,0.0,42.0,0.0
2022-04-29,2022-04,Vie,False,False,Sugarcane juice,Beverages,25.0,8.75,0,0.75,1,0,1,0,1,0.0,8.75,0.0
2022-04-29,2022-04,Vie,False,False,Vadapav,Fastfood,20.0,7.0,0,1.0,2,0,2,0,2,0.0,14.0,0.0
2022-04-30,2022-04,Sáb,True,True,Aalopuri,Fastfood,20.0,7.0,0,2.5,3,0,3,0,3,0.0,21.0,0.0
2022-04-30,2022-04,Sáb,True,True,Cold coffee,Beverages,40.0,14.0,0,5.25,6,0,6,0,6,0.0,84.0,0.0
2022-04-30,2022-04,Sáb,True,True,Frankie,Fastfood,50.0,17.5,13,1.5,2,2,0,11,11,100.0,0.0,550.0
2022-04-30,2022-04,Sáb,True,True,Panipuri,Fastfood,20.0,7.0,0,2.25,3,0,3,0,3,0.0,21.0,0.0
2022-04-30,2022-04,Sáb,True,True,Sandwich,Fastfood,60.0,21.0,10,6.5,8,8,0,2,2,480.0,0.0,120.0
2022-04-30,2022-04,Sáb,True,True,Sugarcane juice,Beverages,25.0,8.75,13,4.0,5,5,0,8,8,125.0,0.0,200.0
2022-04-30,2022-04,Sáb,True,True,Vadapav,Fastfood,20.0,7.0,7,6.25,7,7,0,0,0,140.0,0.0,0.0
2022-05-01,2022-05,Dom,True,True,Aalopuri,Fastfood,20.0,7.0,13,6.25,7,7,0,6,6,140.0,0.0,120.0
2022-05-01,2022-05,Dom,True,True,Cold coffee,Beverages,40.0,14.0,0,0.0,0,0,0,0,0,0.0,0.0,0.0
2022-05-01,2022-05,Dom,True,True,Frankie,Fastfood,50.0,17.5,0,2.25,3,0,3,0,3,0.0,52.5,0.0
2022-05-01,2022-05,Dom,True,True,Panipuri,Fastfood,20.0,7.0,0,3.5,4,0,4,0,4,0.0,28.0,0.0
2022-05-01,2022-05,Dom,True,True,Sandwich,Fastfood,60.0,21.0,0,3.25,4,0,4,0,4,0.0,84.0,0.0
2022-05-01,2022-05,Dom,True,True,Sugarcane juice,Beverages,25.0,8.75,0,2.75,4,0,4,0,4,0.0,35.0,0.0
2022-05-01,2022-05,Dom,True,True,Vadapav,Fastfood,20.0,7.0,0,3.0,4,0,4,0,4,0.0,28.0,0.0
2022-05-02,2022-05,Lun,False,False,Aalopuri,Fastfood,20.0,7.0,0,3.0,4,0,4,0,4,0.0,28.0,0.0
2022-05-02,2022-05,Lun,False,False,Cold coffee,Beverages,40.0,14.0,10,4.75,6,6,0,4,4,240.0,0.0,160.0
2022-05-02,2022-05,Lun,False,False,Frankie,Fastfood,50.0,17.5,0,0.0,0,0,0,0,0,0.0,0.0,0.0
2022-05-02,2022-05,Lun,False,False,Panipuri,Fastfood,20.0,7.0,0,0.0,0,0,0,0,0,0.0,0.0,0.0
2022-05-02,2022-05,Lun,False,False,Sandwich,Fastfood,60.0,21.0,0,7.25,8,0,8,0,8,0.0,168.0,0.0
2022-05-02,2022-05,Lun,False,False,Sugarcane juice,Beverages,25.0,8.75,0,0.0,0,0,0,0,0,0.0,0.0,0.0
2022-05-02,2022-05,Lun,False,False,Vadapav,Fastfood,20.0,7.0,0,3.75,5,0,5,0,5,0.0,35.0,0.0
2022-05-03,2022-05,Mar,False,False,Aalopuri,Fastfood,20.0,7.0,0,0.0,0,0,0,0,0,0.0,0.0,0.0
2022-05-03,2022-05,Mar,False,False,Cold coffee,Beverages,40.0,14.0,0,3.75,5,0,5,0,5,0.0,70.0,0.0
2022-05-03,2022-05,Mar,False,False,Frankie,Fastfood,50.0,17.5,0,0.5,1,0,1,0,1,0.0,17.5,0.0
2022-05-03,2022-05,Mar,False,False,Panipuri,Fastfood,20.0,7.0,7,0.0,0,0,0,7,7,0.0,0.0,140.0
2022-05-03,2022-05,Mar,False,False,Sandwich,Fastfood,60.0,21.0,8,1.25,2,2,0,6,6,120.0,0.0,360.0
2022-05-03,2022-05,Mar,False,False,Sugarcane juice,Beverages,25.0,8.75,9,0.0,0,0,0,9,9,0.0,0.0,225.0
2022-05-03,2022-05,Mar,False,False,Vadapav,Fastfood,20.0,7.0,13,5.75,7,7,0,6,6,140.0,0.0,120.0
2022-05-04,2022-05,Mié,False,False,Aalopuri,Fastfood,20.0,7.0,11,1.25,2,2,0,9,9,40.0,0.0,180.0
2022-05-04,2022-05,Mié,False,False,Cold coffee,Beverages,40.0,14.0,0,4.0,5,0,5,0,5,0.0,70.0,0.0
2022-05-04,2022-05,Mié,False,False,Frankie,Fastfood,50.0,17.5,7,0.0,0,0,0,7,7,0.0,0.0,350.0
2022-05-04,2022-05,Mié,False,False,Panipuri,Fastfood,20.0,7.0,0,2.75,4,0,4,0,4,0.0,28.0,0.0
2022-05-04,2022-05,Mié,False,False,Sandwich,Fastfood,60.0,21.0,0,0.0,0,0,0,0,0,0.0,0.0,0.0
2022-05-04,2022-05,Mié,False,False,Sugarcane juice,Beverages,25.0,8.75,13,0.0,0,0,0,13,13,0.0,0.0,325.0
2022-05-04,2022-05,Mié,False,False,Vadapav,Fastfood,20.0,7.0,3,0.0,0,0,0,3,3,0.0,0.0,60.0
2022-05-05,2022-05,Jue,False,False,Aalopuri,Fastfood,20.0,7.0,0,2.0,3,0,3,0,3,0.0,21.0,0.0
2022-05-05,2022-05,Jue,False,False,Cold coffee,Beverages,40.0,14.0,23,0.0,0,0,0,23,23,0.0,0.0,920.0
2022-05-05,2022-05,Jue,False,False,Frankie,Fastfood,50.0,17.5,0,0.0,0,0,0,0,0,0.0,0.0,0.0
2022-05-05,2022-05,Jue,False,False,Panipuri,Fastfood,20.0,7.0,0,2.0,3,0,3,0,3,0.0,21.0,0.0
2022-05-05,2022-05,Jue,False,False,Sandwich,Fastfood,60.0,21.0,0,8.75,10,0,10,0,10,0.0,210.0,0.0
2022-05-05,2022-05,Jue,False,False,Sugarcane juice,Beverages,25.0,8.75,13,2.25,3,3,0,10,10,75.0,0.0,250.0
2022-05-05,2022-05,Jue,False,False,Vadapav,Fastfood,20.0,7.0,0,0.75,1,0,1,0,1,0.0,7.0,0.0
2022-05-06,2022-05,Vie,False,False,Aalopuri,Fastfood,20.0,7.0,25,2.0,3,3,0,22,22,60.0,0.0,440.0
2022-05-06,2022-05,Vie,False,False,Cold coffee,Beverages,40.0,14.0,0,0.0,0,0,0,0,0,0.0,0.0,0.0
2022-05-06,2022-05,Vie,False,False,Frankie,Fastfood,50.0,17.5,0,0.25,1,0,1,0,1,0.0,17.5,0.0
2022-05-06,2022-05,Vie,False,False,Panipuri,Fastfood,20.0,7.0,0,6.25,7,0,7,0,7,0.0,49.0,0.0
2022-05-06,2022-05,Vie,False,False,Sandwich,Fastfood,60.0,21.0,0,0.0,0,0,0,0,0,0.0,0.0,0.0
2022-05-06,2022-05,Vie,False,False,Sugarcane juice,Beverages,25.0,8.75,12,0.75,1,1,0,11,11,25.0,0.0,275.0
2022-05-06,2022-05,Vie,False,False,Vadapav,Fastfood,20.0,7.0,0,1.0,2,0,2,0,2,0.0,14.0,0.0
2022-05-07,2022-05,Sáb,True,False,Aalopuri,Fastfood,20.0,7.0,11,2.5,3,3,0,8,8,60.0,0.0,160.0
2022-05-07,2022-05,Sáb,True,False,Cold coffee,Beverages,40.0,14.0,8,1.5,2,2,0,6,6,80.0,0.0,240.0
2022-05-07,2022-05,Sáb,True,False,Frankie,Fastfood,50.0,17.5,0,4.75,6,0,6,0,6,0.0,105.0,0.0
2022-05-07,2022-05,Sáb,True,False,Panipuri,Fastfood,20.0,7.0,0,2.25,3,0,3,0,3,0.0,21.0,0.0
2022-05-07,2022-05,Sáb,True,False,Sandwich,Fastfood,60.0,21.0,10,5.25,6,6,0,4,4,360.0,0.0,240.0
2022-05-07,2022-05,Sáb,True,False,Sugarcane juice,Beverages,25.0,8.75,0,7.25,8,0,8,0,8,0.0,70.0,0.0
2022-05-07,2022-05,Sáb,True,False,Vadapav,Fastfood,20.0,7.0,7,8.0,9,7,2,0,2,140.0,14.0,0.0
2022-05-08,2022-05,Dom,True,False,Aalopuri,Fastfood,20.0,7.0,0,7.0,8,0,8,0,8,0.0,56.0,0.0
2022-05-08,2022-05,Dom,True,False,Cold coffee,Beverages,40.0,14.0,0,0.0,0,0,0,0,0,0.0,0.0,0.0
2022-05-08,2022-05,Dom,True,False,Frankie,Fastfood,50.0,17.5,13,2.25,3,3,0,10,10,150.0,0.0,500.0
2022-05-08,2022-05,Dom,True,False,Panipuri,Fastfood,20.0,7.0,11,0.75,1,1,0,10,10,20.0,0.0,200.0
2022-05-08,2022-05,Dom,True,False,Sandwich,Fastfood,60.0,21.0,1,3.0,4,1,3,0,3,60.0,63.0,0.0
2022-05-08,2022-05,Dom,True,False,Sugarcane juice,Beverages,25.0,8.75,17,2.75,4,4,0,13,13,100.0,0.0,325.0
2022-05-08,2022-05,Dom,True,False,Vadapav,Fastfood,20.0,7.0,0,3.0,4,0,4,0,4,0.0,28.0,0.0
2022-05-09,2022-05,Lun,False,False,Aalopuri,Fastfood,20.0,7.0,8,3.0,4,4,0,4,4,80.0,0.0,80.0
2022-05-09,2022-05,Lun,False,False,Cold coffee,Beverages,40.0,14.0,28,2.5,3,3,0,25,25,120.0,0.0,1000.0
2022-05-09,2022-05,Lun,False,False,Frankie,Fastfood,50.0,17.5,9,0.0,0,0,0,9,9,0.0,0.0,450.0
2022-05-09,2022-05,Lun,False,False,Panipuri,Fastfood,20.0,7.0,14,0.0,0,0,0,14,14,0.0,0.0,280.0
2022-05-09,2022-05,Lun,False,False,Sandwich,Fastfood,60.0,21.0,0,0.0,0,0,0,0,0,0.0,0.0,0.0
2022-05-09,2022-05,Lun,False,False,Sugarcane juice,Beverages,25.0,8.75,1,0.0,0,0,0,1,1,0.0,0.0,25.0
2022-05-09,2022-05,Lun,False,False,Vadapav,Fastfood,20.0,7.0,15,3.75,5,5,0,10,10,100.0,0.0,200.0
2022-05-10,2022-05,Mar,False,False,Aalopuri,Fastfood,20.0,7.0,0,0.0,0,0,0,0,0,0.0,0.0,0.0
2022-05-10,2022-05,Mar,False,False,Cold coffee,Beverages,40.0,14.0,0,3.75,5,0,5,0,5,0.0,70.0,0.0
2022-05-10,2022-05,Mar,False,False,Frankie,Fastfood,50.0,17.5,14,0.0,0,0,0,14,14,0.0,0.0,700.0
2022-05-10,2022-05,Mar,False,False,Panipuri,Fastfood,20.0,7.0,0,1.75,2,0,2,0,2,0.0,14.0,0.0
2022-05-10,2022-05,Mar,False,False,Sandwich,Fastfood,60.0,21.0,0,3.25,4,0,4,0,4,0.0,84.0,0.0
2022-05-10,2022-05,Mar,False,False,Sugarcane juice,Beverages,25.0,8.75,0,2.25,3,0,3,0,3,0.0,26.25,0.0
2022-05-10,2022-05,Mar,False,False,Vadapav,Fastfood,20.0,7.0,0,9.0,10,0,10,0,10,0.0,70.0,0.0
2022-05-11,2022-05,Mié,False,False,Aalopuri,Fastfood,20.0,7.0,4,4.0,5,4,1,0,1,80.0,7.0,0.0
2022-05-11,2022-05,Mié,False,False,Cold coffee,Beverages,40.0,14.0,0,4.0,5,0,5,0,5,0.0,70.0,0.0
2022-05-11,2022-05,Mié,False,False,Frankie,Fastfood,50.0,17.5,0,1.75,2,0,2,0,2,0.0,35.0,0.0
2022-05-11,2022-05,Mié,False,False,Panipuri,Fastfood,20.0,7.0,0,2.75,4,0,4,0,4,0.0,28.0,0.0
2022-05-11,2022-05,Mié,False,False,Sandwich,Fastfood,60.0,21.0,0,0.0,0,0,0,0,0,0.0,0.0,0.0
2022-05-11,2022-05,Mié,False,False,Sugarcane juice,Beverages,25.0,8.75,0,3.25,4,0,4,0,4,0.0,35.0,0.0
2022-05-11,2022-05,Mié,False,False,Vadapav,Fastfood,20.0,7.0,0,0.75,1,0,1,0,1,0.0,7.0,0.0
2022-05-12,2022-05,Jue,False,False,Aalopuri,Fastfood,20.0,7.0,15,2.0,3,3,0,12,12,60.0,0.0,240.0
2022-05-12,2022-05,Jue,False,False,Cold coffee,Beverages,40.0,14.0,0,5.75,7,0,7,0,7,0.0,98.0,0.0
2022-05-12,2022-05,Jue,False,False,Frankie,Fastfood,50.0,17.5,0,0.0,0,0,0,0,0,0.0,0.0,0.0
2022-05-12,2022-05,Jue,False,False,Panipuri,Fastfood,20.0,7.0,10,2.0,3,3,0,7,7,60.0,0.0,140.0
2022-05-12,2022-05,Jue,False,False,Sandwich,Fastfood,60.0,21.0,0,2.75,4,0,4,0,4,0.0,84.0,0.0
2022-05-12,2022-05,Jue,False,False,Sugarcane juice,Beverages,25.0,8.75,8,5.5,7,7,0,1,1,175.0,0.0,25.0
2022-05-12,2022-05,Jue,False,False,Vadapav,Fastfood,20.0,7.0,0,0.0,0,0,0,0,0,0.0,0.0,0.0
2022-05-13,2022-05,Vie,False,False,Aalopuri,Fastfood,20.0,7.0,15,8.25,10,10,0,5,5,200.0,0.0,100.0
2022-05-13,2022-05,Vie,False,False,Cold coffee,Beverages,40.0,14.0,14,0.0,0,0,0,14,14,0.0,0.0,560.0
2022-05-13,2022-05,Vie,False,False,Frankie,Fastfood,50.0,17.5,0,0.0,0,0,0,0,0,0.0,0.0,0.0
2022-05-13,2022-05,Vie,False,False,Panipuri,Fastfood,20.0,7.0,0,3.5,4,0,4,0,4,0.0,28.0,0.0
2022-05-13,2022-05,Vie,False,False,Sandwich,Fastfood,60.0,21.0,0,0.0,0,0,0,0,0,0.0,0.0,0.0
2022-05-13,2022-05,Vie,False,False,Sugarcane juice,Beverages,25.0,8.75,1,3.75,5,1,4,0,4,25.0,35.0,0.0
2022-05-13,2022-05,Vie,False,False,Vadapav,Fastfood,20.0,7.0,0,0.0,0,0,0,0,0,0.0,0.0,0.0
2022-05-14,2022-05,Sáb,True,False,Aalopuri,Fastfood,20.0,7.0,7,2.75,4,4,0,3,3,80.0,0.0,60.0
2022-05-14,2022-05,Sáb,True,False,Cold coffee,Beverages,40.0,14.0,10,2.0,3,3,0,7,7,120.0,0.0,280.0
2022-05-14,2022-05,Sáb,True,False,Frankie,Fastfood,50.0,17.5,5,4.75,6,5,1,0,1,250.0,17.5,0.0
2022-05-14,2022-05,Sáb,True,False,Panipuri,Fastfood,20.0,7.0,0,2.25,3,0,3,0,3,0.0,21.0,0.0
2022-05-14,2022-05,Sáb,True,False,Sandwich,Fastfood,60.0,21.0,0,7.5,9,0,9,0,9,0.0,189.0,0.0
2022-05-14,2022-05,Sáb,True,False,Sugarcane juice,Beverages,25.0,8.75,0,7.25,8,0,8,0,8,0.0,70.0,0.0
2022-05-14,2022-05,Sáb,True,False,Vadapav,Fastfood,20.0,7.0,2,6.75,8,2,6,0,6,40.0,42.0,0.0
2022-05-15,2022-05,Dom,True,True,Aalopuri,Fastfood,20.0,7.0,21,3.25,4,4,0,17,17,80.0,0.0,340.0
2022-05-15,2022-05,Dom,True,True,Cold coffee,Beverages,40.0,14.0,2,0.0,0,0,0,2,2,0.0,0.0,80.0
2022-05-15,2022-05,Dom,True,True,Frankie,Fastfood,50.0,17.5,0,4.5,5,0,5,0,5,0.0,87.5,0.0
2022-05-15,2022-05,Dom,True,True,Panipuri,Fastfood,20.0,7.0,0,3.5,4,0,4,0,4,0.0,28.0,0.0
2022-05-15,2022-05,Dom,True,True,Sandwich,Fastfood,60.0,21.0,7,3.25,4,4,0,3,3,240.0,0.0,180.0
2022-05-15,2022-05,Dom,True,True,Sugarcane juice,Beverages,25.0,8.75,0,7.0,8,0,8,0,8,0.0,70.0,0.0
2022-05-15,2022-05,Dom,True,True,Vadapav,Fastfood,20.0,7.0,15,1.25,2,2,0,13,13,40.0,0.0,260.0
2022-05-16,2022-05,Lun,False,True,Aalopuri,Fastfood,20.0,7.0,2,5.0,6,2,4,0,4,40.0,28.0,0.0
2022-05-16,2022-05,Lun,False,True,Cold coffee,Beverages,40.0,14.0,0,9.5,11,0,11,0,11,0.0,154.0,0.0
2022-05-16,2022-05,Lun,False,True,Frankie,Fastfood,50.0,17.5,15,2.25,3,3,0,12,12,150.0,0.0,600.0
2022-05-16,2022-05,Lun,False,True,Panipuri,Fastfood,20.0,7.0,0,3.5,4,0,4,0,4,0.0,28.0,0.0
2022-05-16,2022-05,Lun,False,True,Sandwich,Fastfood,60.0,21.0,0,0.0,0,0,0,0,0,0.0,0.0,0.0
2022-05-16,2022-05,Lun,False,True,Sugarcane juice,Beverages,25.0,8.75,0,0.25,1,0,1,0,1,0.0,8.75,0.0
2022-05-16,2022-05,Lun,False,True,Vadapav,Fastfood,20.0,7.0,15,6.0,7,7,0,8,8,140.0,0.0,160.0
2022-05-17,2022-05,Mar,False,False,Aalopuri,Fastfood,20.0,7.0,0,0.0,0,0,0,0,0,0.0,0.0,0.0
2022-05-17,2022-05,Mar,False,False,Cold coffee,Beverages,40.0,14.0,0,3.75,5,0,5,0,5,0.0,70.0,0.0
2022-05-17,2022-05,Mar,False,False,Frankie,Fastfood,50.0,17.5,0,3.5,4,0,4,0,4,0.0,70.0,0.0
2022-05-17,2022-05,Mar,False,False,Panipuri,Fastfood,20.0,7.0,7,1.75,2,2,0,5,5,40.0,0.0,100.0
2022-05-17,2022-05,Mar,False,False,Sandwich,Fastfood,60.0,21.0,0,3.0,4,0,4,0,4,0.0,84.0,0.0
2022-05-17,2022-05,Mar,False,False,Sugarcane juice,Beverages,25.0,8.75,0,2.25,3,0,3,0,3,0.0,26.25,0.0
2022-05-17,2022-05,Mar,False,False,Vadapav,Fastfood,20.0,7.0,0,6.5,8,0,8,0,8,0.0,56.0,0.0
2022-05-18,2022-05,Mié,False,False,Aalopuri,Fastfood,20.0,7.0,0,5.0,6,0,6,0,6,0.0,42.0,0.0
2022-05-18,2022-05,Mié,False,False,Cold coffee,Beverages,40.0,14.0,0,4.0,5,0,5,0,5,0.0,70.0,0.0
2022-05-18,2022-05,Mié,False,False,Frankie,Fastfood,50.0,17.5,13,1.75,2,2,0,11,11,100.0,0.0,550.0
2022-05-18,2022-05,Mié,False,False,Panipuri,Fastfood,20.0,7.0,0,2.75,4,0,4,0,4,0.0,28.0,0.0
2022-05-18,2022-05,Mié,False,False,Sandwich,Fastfood,60.0,21.0,0,0.0,0,0,0,0,0,0.0,0.0,0.0
2022-05-18,2022-05,Mié,False,False,Sugarcane juice,Beverages,25.0,8.75,0,3.25,4,0,4,0,4,0.0,35.0,0.0
2022-05-18,2022-05,Mié,False,False,Vadapav,Fastfood,20.0,7.0,4,0.75,1,1,0,3,3,20.0,0.0,60.0
2022-05-19,2022-05,Jue,False,False,Aalopuri,Fastfood,20.0,7.0,7,5.75,7,7,0,0,0,140.0,0.0,0.0
2022-05-19,2022-05,Jue,False,False,Cold coffee,Beverages,40.0,14.0,3,5.75,7,3,4,0,4,120.0,56.0,0.0
2022-05-19,2022-05,Jue,False,False,Frankie,Fastfood,50.0,17.5,0,0.0,0,0,0,0,0,0.0,0.0,0.0
2022-05-19,2022-05,Jue,False,False,Panipuri,Fastfood,20.0,7.0,0,4.5,5,0,5,0,5,0.0,35.0,0.0
2022-05-19,2022-05,Jue,False,False,Sandwich,Fastfood,60.0,21.0,0,0.0,0,0,0,0,0,0.0,0.0,0.0
2022-05-19,2022-05,Jue,False,False,Sugarcane juice,Beverages,25.0,8.75,0,7.5,9,0,9,0,9,0.0,78.75,0.0
2022-05-19,2022-05,Jue,False,False,Vadapav,Fastfood,20.0,7.0,0,0.0,0,0,0,0,0,0.0,0.0,0.0
2022-05-20,2022-05,Vie,False,False,Aalopuri,Fastfood,20.0,7.0,3,12.0,14,3,11,0,11,60.0,77.0,0.0
2022-05-20,2022-05,Vie,False,False,Cold coffee,Beverages,40.0,14.0,0,3.5,4,0,4,0,4,0.0,56.0,0.0
2022-05-20,2022-05,Vie,False,False,Frankie,Fastfood,50.0,17.5,0,0.0,0,0,0,0,0,0.0,0.0,0.0
2022-05-20,2022-05,Vie,False,False,Panipuri,Fastfood,20.0,7.0,0,3.5,4,0,4,0,4,0.0,28.0,0.0
2022-05-20,2022-05,Vie,False,False,Sandwich,Fastfood,60.0,21.0,0,0.0,0,0,0,0,0,0.0,0.0,0.0
2022-05-20,2022-05,Vie,False,False,Sugarcane juice,Beverages,25.0,8.75,18,3.25,4,4,0,14,14,100.0,0.0,350.0
2022-05-20,2022-05,Vie,False,False,Vadapav,Fastfood,20.0,7.0,0,0.0,0,0,0,0,0,0.0,0.0,0.0
2022-05-21,2022-05,Sáb,True,False,Aalopuri,Fastfood,20.0,7.0,25,4.5,5,5,0,20,20,100.0,0.0,400.0
2022-05-21,2022-05,Sáb,True,False,Cold coffee,Beverages,40.0,14.0,13,4.5,5,5,0,8,8,200.0,0.0,320.0
2022-05-21,2022-05,Sáb,True,False,Frankie,Fastfood,50.0,17.5,0,4.5,5,0,5,0,5,0.0,87.5,0.0
2022-05-21,2022-05,Sáb,True,False,Panipuri,Fastfood,20.0,7.0,0,2.25,3,0,3,0,3,0.0,21.0,0.0
2022-05-21,2022-05,Sáb,True,False,Sandwich,Fastfood,60.0,21.0,2,6.0,7,2,5,0,5,120.0,105.0,0.0
2022-05-21,2022-05,Sáb,True,False,Sugarcane juice,Beverages,25.0,8.75,0,6.5,8,0,8,0,8,0.0,70.0,0.0
2022-05-21,2022-05,Sáb,True,False,Vadapav,Fastfood,20.0,7.0,0,7.25,8,0,8,0,8,0.0,56.0,0.0
2022-05-22,2022-05,Dom,True,False,Aalopuri,Fastfood,20.0,7.0,0,8.5,10,0,10,0,10,0.0,70.0,0.0
2022-05-22,2022-05,Dom,True,False,Cold coffee,Beverages,40.0,14.0,0,0.5,1,0,1,0,1,0.0,14.0,0.0
2022-05-22,2022-05,Dom,True,False,Frankie,Fastfood,50.0,17.5,12,3.25,4,4,0,8,8,200.0,0.0,400.0
2022-05-22,2022-05,Dom,True,False,Panipuri,Fastfood,20.0,7.0,0,3.5,4,0,4,0,4,0.0,28.0,0.0
2022-05-22,2022-05,Dom,True,False,Sandwich,Fastfood,60.0,21.0,26,2.0,3,3,0,23,23,180.0,0.0,1380.0
2022-05-22,2022-05,Dom,True,False,Sugarcane juice,Beverages,25.0,8.75,0,4.25,5,0,5,0,5,0.0,43.75,0.0
2022-05-22,2022-05,Dom,True,False,Vadapav,Fastfood,20.0,7.0,8,5.0,6,6,0,2,2,120.0,0.0,40.0
2022-05-23,2022-05,Lun,False,False,Aalopuri,Fastfood,20.0,7.0,3,2.5,3,3,0,0,0,60.0,0.0,0.0
2022-05-23,2022-05,Lun,False,False,Cold coffee,Beverages,40.0,14.0,0,9.5,11,0,11,0,11,0.0,154.0,0.0
2022-05-23,2022-05,Lun,False,False,Frankie,Fastfood,50.0,17.5,0,6.0,7,0,7,0,7,0.0,122.5,0.0
2022-05-23,2022-05,Lun,False,False,Panipuri,Fastfood,20.0,7.0,0,3.5,4,0,4,0,4,0.0,28.0,0.0
2022-05-23,2022-05,Lun,False,False,Sandwich,Fastfood,60.0,21.0,0,0.0,0,0,0,0,0,0.0,0.0,0.0
2022-05-23,2022-05,Lun,False,False,Sugarcane juice,Beverages,25.0,8.75,0,0.25,1,0,1,0,1,0.0,8.75,0.0
2022-05-23,2022-05,Lun,False,False,Vadapav,Fastfood,20.0,7.0,3,9.75,11,3,8,0,8,60.0,56.0,0.0
2022-05-24,2022-05,Mar,False,False,Aalopuri,Fastfood,20.0,7.0,0,0.0,0,0,0,0,0,0.0,0.0,0.0
2022-05-24,2022-05,Mar,False,False,Cold coffee,Beverages,40.0,14.0,3,3.5,4,3,1,0,1,120.0,14.0,0.0
2022-05-24,2022-05,Mar,False,False,Frankie,Fastfood,50.0,17.5,13,3.5,4,4,0,9,9,200.0,0.0,450.0
2022-05-24,2022-05,Mar,False,False,Panipuri,Fastfood,20.0,7.0,0,3.5,4,0,4,0,4,0.0,28.0,0.0
2022-05-24,2022-05,Mar,False,False,Sandwich,Fastfood,60.0,21.0,0,2.0,3,0,3,0,3,0.0,63.0,0.0
2022-05-24,2022-05,Mar,False,False,Sugarcane juice,Beverages,25.0,8.75,0,2.25,3,0,3,0,3,0.0,26.25,0.0
2022-05-24,2022-05,Mar,False,False,Vadapav,Fastfood,20.0,7.0,0,6.5,8,0,8,0,8,0.0,56.0,0.0
2022-05-25,2022-05,Mié,False,False,Aalopuri,Fastfood,20.0,7.0,0,3.75,5,0,5,0,5,0.0,35.0,0.0
2022-05-25,2022-05,Mié,False,False,Cold coffee,Beverages,40.0,14.0,0,0.0,0,0,0,0,0,0.0,0.0,0.0
2022-05-25,2022-05,Mié,False,False,Frankie,Fastfood,50.0,17.5,11,5.0,6,6,0,5,5,300.0,0.0,250.0
2022-05-25,2022-05,Mié,False,False,Panipuri,Fastfood,20.0,7.0,2,2.75,4,2,2,0,2,40.0,14.0,0.0
2022-05-25,2022-05,Mié,False,False,Sandwich,Fastfood,60.0,21.0,2,0.0,0,0,0,2,2,0.0,0.0,120.0
2022-05-25,2022-05,Mié,False,False,Sugarcane juice,Beverages,25.0,8.75,14,3.25,4,4,0,10,10,100.0,0.0,250.0
2022-05-25,2022-05,Mié,False,False,Vadapav,Fastfood,20.0,7.0,0,1.75,2,0,2,0,2,0.0,14.0,0.0
2022-05-26,2022-05,Jue,False,False,Aalopuri,Fastfood,20.0,7.0,0,7.25,8,0,8,0,8,0.0,56.0,0.0
2022-05-26,2022-05,Jue,False,False,Cold coffee,Beverages,40.0,14.0,0,6.5,8,0,8,0,8,0.0,112.0,0.0
2022-05-26,2022-05,Jue,False,False,Frankie,Fastfood,50.0,17.5,0,0.0,0,0,0,0,0,0.0,0.0,0.0
2022-05-26,2022-05,Jue,False,False,Panipuri,Fastfood,20.0,7.0,0,2.5,3,0,3,0,3,0.0,21.0,0.0
2022-05-26,2022-05,Jue,False,False,Sandwich,Fastfood,60.0,21.0,3,0.0,0,0,0,3,3,0.0,0.0,180.0
2022-05-26,2022-05,Jue,False,False,Sugarcane juice,Beverages,25.0,8.75,14,5.25,6,6,0,8,8,150.0,0.0,200.0
2022-05-26,2022-05,Jue,False,False,Vadapav,Fastfood,20.0,7.0,1,0.0,0,0,0,1,1,0.0,0.0,20.0
2022-05-27,2022-05,Vie,False,False,Aalopuri,Fastfood,20.0,7.0,10,12.75,15,10,5,0,5,200.0,35.0,0.0
2022-05-27,2022-05,Vie,False,False,Cold coffee,Beverages,40.0,14.0,0,3.5,4,0,4,0,4,0.0,56.0,0.0
2022-05-27,2022-05,Vie,False,False,Frankie,Fastfood,50.0,17.5,7,0.0,0,0,0,7,7,0.0,0.0,350.0
2022-05-27,2022-05,Vie,False,False,Panipuri,Fastfood,20.0,7.0,14,0.0,0,0,0,14,14,0.0,0.0,280.0
2022-05-27,2022-05,Vie,False,False,Sandwich,Fastfood,60.0,21.0,16,0.0,0,0,0,16,16,0.0,0.0,960.0
2022-05-27,2022-05,Vie,False,False,Sugarcane juice,Beverages,25.0,8.75,0,7.75,9,0,9,0,9,0.0,78.75,0.0
2022-05-27,2022-05,Vie,False,False,Vadapav,Fastfood,20.0,7.0,13,0.0,0,0,0,13,13,0.0,0.0,260.0
2022-05-28,2022-05,Sáb,True,False,Aalopuri,Fastfood,20.0,7.0,0,10.75,12,0,12,0,12,0.0,84.0,0.0
2022-05-28,2022-05,Sáb,True,False,Cold coffee,Beverages,40.0,14.0,0,7.75,9,0,9,0,9,0.0,126.0,0.0
2022-05-28,2022-05,Sáb,True,False,Frankie,Fastfood,50.0,17.5,0,4.5,5,0,5,0,5,0.0,87.5,0.0
2022-05-28,2022-05,Sáb,True,False,Panipuri,Fastfood,20.0,7.0,5,0.0,0,0,0,5,5,0.0,0.0,100.0
2022-05-28,2022-05,Sáb,True,False,Sandwich,Fastfood,60.0,21.0,0,5.5,7,0,7,0,7,0.0,147.0,0.0
2022-05-28,2022-05,Sáb,True,False,Sugarcane juice,Beverages,25.0,8.75,0,3.25,4,0,4,0,4,0.0,35.0,0.0
2022-05-28,2022-05,Sáb,True,False,Vadapav,Fastfood,20.0,7.0,15,4.0,5,5,0,10,10,100.0,0.0,200.0
2022-05-29,2022-05,Dom,True,False,Aalopuri,Fastfood,20.0,7.0,11,8.5,10,10,0,1,1,200.0,0.0,20.0
2022-05-29,2022-05,Dom,True,False,Cold coffee,Beverages,40.0,14.0,0,0.5,1,0,1,0,1,0.0,14.0,0.0
2022-05-29,2022-05,Dom,True,False,Frankie,Fastfood,50.0,17.5,0,6.25,7,0,7,0,7,0.0,122.5,0.0
2022-05-29,2022-05,Dom,True,False,Panipuri,Fastfood,20.0,7.0,0,2.75,4,0,4,0,4,0.0,28.0,0.0
2022-05-29,2022-05,Dom,True,False,Sandwich,Fastfood,60.0,21.0,0,8.5,10,0,10,0,10,0.0,210.0,0.0
2022-05-29,2022-05,Dom,True,False,Sugarcane juice,Beverages,25.0,8.75,0,4.25,5,0,5,0,5,0.0,43.75,0.0
2022-05-29,2022-05,Dom,True,False,Vadapav,Fastfood,20.0,7.0,0,5.75,7,0,7,0,7,0.0,49.0,0.0
2022-05-30,2022-05,Lun,False,False,Aalopuri,Fastfood,20.0,7.0,0,3.25,4,0,4,0,4,0.0,28.0,0.0
2022-05-30,2022-05,Lun,False,False,Cold coffee,Beverages,40.0,14.0,3,9.5,11,3,8,0,8,120.0,112.0,0.0
2022-05-30,2022-05,Lun,False,False,Frankie,Fastfood,50.0,17.5,10,6.0,7,7,0,3,3,350.0,0.0,150.0
2022-05-30,2022-05,Lun,False,False,Panipuri,Fastfood,20.0,7.0,0,3.5,4,0,4,0,4,0.0,28.0,0.0
2022-05-30,2022-05,Lun,False,False,Sandwich,Fastfood,60.0,21.0,0,0.0,0,0,0,0,0,0.0,0.0,0.0
2022-05-30,2022-05,Lun,False,False,Sugarcane juice,Beverages,25.0,8.75,0,0.25,1,0,1,0,1,0.0,8.75,0.0
2022-05-30,2022-05,Lun,False,False,Vadapav,Fastfood,20.0,7.0,0,8.25,10,0,10,0,10,0.0,70.0,0.0
2022-05-31,2022-05,Mar,False,True,Aalopuri,Fastfood,20.0,7.0,0,0.0,0,0,0,0,0,0.0,0.0,0.0
2022-05-31,2022-05,Mar,False,True,Cold coffee,Beverages,40.0,14.0,0,0.75,1,0,1,0,1,0.0,14.0,0.0
2022-05-31,2022-05,Mar,False,True,Frankie,Fastfood,50.0,17.5,8,6.75,8,8,0,0,0,400.0,0.0,0.0
2022-05-31,2022-05,Mar,False,True,Panipuri,Fastfood,20.0,7.0,0,3.5,4,0,4,0,4,0.0,28.0,0.0
2022-05-31,2022-05,Mar,False,True,Sandwich,Fastfood,60.0,21.0,0,2.0,3,0,3,0,3,0.0,63.0,0.0
2022-05-31,2022-05,Mar,False,True,Sugarcane juice,Beverages,25.0,8.75,0,2.25,3,0,3,0,3,0.0,26.25,0.0
2022-05-31,2022-05,Mar,False,True,Vadapav,Fastfood,20.0,7.0,2,3.25,4,2,2,0,2,40.0,14.0,0.0
2022-06-01,2022-06,Mié,False,True,Aalopuri,Fastfood,20.0,7.0,0,3.75,5,0,5,0,5,0.0,35.0,0.0
2022-06-01,2022-06,Mié,False,True,Cold coffee,Beverages,40.0,14.0,0,0.0,0,0,0,0,0,0.0,0.0,0.0
2022-06-01,2022-06,Mié,False,True,Frankie,Fastfood,50.0,17.5,0,7.75,9,0,9,0,9,0.0,157.5,0.0
2022-06-01,2022-06,Mié,False,True,Panipuri,Fastfood,20.0,7.0,6,0.5,1,1,0,5,5,20.0,0.0,100.0
2022-06-01,2022-06,Mié,False,True,Sandwich,Fastfood,60.0,21.0,0,0.5,1,0,1,0,1,0.0,21.0,0.0
2022-06-01,2022-06,Mié,False,True,Sugarcane juice,Beverages,25.0,8.75,0,6.75,8,0,8,0,8,0.0,70.0,0.0
2022-06-01,2022-06,Mié,False,True,Vadapav,Fastfood,20.0,7.0,0,1.75,2,0,2,0,2,0.0,14.0,0.0
2022-06-02,2022-06,Jue,False,False,Aalopuri,Fastfood,20.0,7.0,0,5.5,7,0,7,0,7,0.0,49.0,0.0
2022-06-02,2022-06,Jue,False,False,Cold coffee,Beverages,40.0,14.0,4,6.5,8,4,4,0,4,160.0,56.0,0.0
2022-06-02,2022-06,Jue,False,False,Frankie,Fastfood,50.0,17.5,0,0.0,0,0,0,0,0,0.0,0.0,0.0
2022-06-02,2022-06,Jue,False,False,Panipuri,Fastfood,20.0,7.0,0,2.5,3,0,3,0,3,0.0,21.0,0.0
2022-06-02,2022-06,Jue,False,False,Sandwich,Fastfood,60.0,21.0,0,0.75,1,0,1,0,1,0.0,21.0,0.0
2022-06-02,2022-06,Jue,False,False,Sugarcane juice,Beverages,25.0,8.75,0,8.75,10,0,10,0,10,0.0,87.5,0.0
2022-06-02,2022-06,Jue,False,False,Vadapav,Fastfood,20.0,7.0,0,0.25,1,0,1,0,1,0.0,7.0,0.0
2022-06-03,2022-06,Vie,False,False,Aalopuri,Fastfood,20.0,7.0,0,13.25,15,0,15,0,15,0.0,105.0,0.0
2022-06-03,2022-06,Vie,False,False,Cold coffee,Beverages,40.0,14.0,0,3.5,4,0,4,0,4,0.0,56.0,0.0
2022-06-03,2022-06,Vie,False,False,Frankie,Fastfood,50.0,17.5,0,1.75,2,0,2,0,2,0.0,35.0,0.0
2022-06-03,2022-06,Vie,False,False,Panipuri,Fastfood,20.0,7.0,0,3.5,4,0,4,0,4,0.0,28.0,0.0
2022-06-03,2022-06,Vie,False,False,Sandwich,Fastfood,60.0,21.0,0,4.0,5,0,5,0,5,0.0,105.0,0.0
2022-06-03,2022-06,Vie,False,False,Sugarcane juice,Beverages,25.0,8.75,0,7.75,9,0,9,0,9,0.0,78.75,0.0
2022-06-03,2022-06,Vie,False,False,Vadapav,Fastfood,20.0,7.0,0,3.25,4,0,4,0,4,0.0,28.0,0.0
2022-06-04,2022-06,Sáb,True,False,Aalopuri,Fastfood,20.0,7.0,0,10.75,12,0,12,0,12,0.0,84.0,0.0
2022-06-04,2022-06,Sáb,True,False,Cold coffee,Beverages,40.0,14.0,0,7.75,9,0,9,0,9,0.0,126.0,0.0
2022-06-04,2022-06,Sáb,True,False,Frankie,Fastfood,50.0,17.5,0,1.25,2,0,2,0,2,0.0,35.0,0.0
2022-06-04,2022-06,Sáb,True,False,Panipuri,Fastfood,20.0,7.0,2,1.25,2,2,0,0,0,40.0,0.0,0.0
2022-06-04,2022-06,Sáb,True,False,Sandwich,Fastfood,60.0,21.0,0,3.0,4,0,4,0,4,0.0,84.0,0.0
2022-06-04,2022-06,Sáb,True,False,Sugarcane juice,Beverages,25.0,8.75,0,0.0,0,0,0,0,0,0.0,0.0,0.0
2022-06-04,2022-06,Sáb,True,False,Vadapav,Fastfood,20.0,7.0,0,6.0,7,0,7,0,7,0.0,49.0,0.0
2022-06-05,2022-06,Dom,True,False,Aalopuri,Fastfood,20.0,7.0,0,8.0,9,0,9,0,9,0.0,63.0,0.0
2022-06-05,2022-06,Dom,True,False,Cold coffee,Beverages,40.0,14.0,0,0.5,1,0,1,0,1,0.0,14.0,0.0
2022-06-05,2022-06,Dom,True,False,Frankie,Fastfood,50.0,17.5,0,6.25,7,0,7,0,7,0.0,122.5,0.0
2022-06-05,2022-06,Dom,True,False,Panipuri,Fastfood,20.0,7.0,7,2.75,4,4,0,3,3,80.0,0.0,60.0
2022-06-05,2022-06,Dom,True,False,Sandwich,Fastfood,60.0,21.0,0,8.5,10,0,10,0,10,0.0,210.0,0.0
2022-06-05,2022-06,Dom,True,False,Sugarcane juice,Beverages,25.0,8.75,0,4.25,5,0,5,0,5,0.0,43.75,0.0
2022-06-05,2022-06,Dom,True,False,Vadapav,Fastfood,20.0,7.0,3,5.75,7,3,4,0,4,60.0,28.0,0.0
2022-06-06,2022-06,Lun,False,False,Aalopuri,Fastfood,20.0,7.0,11,3.25,4,4,0,7,7,80.0,0.0,140.0
2022-06-06,2022-06,Lun,False,False,Cold coffee,Beverages,40.0,14.0,0,7.75,9,0,9,0,9,0.0,126.0,0.0
2022-06-06,2022-06,Lun,False,False,Frankie,Fastfood,50.0,17.5,9,8.5,10,9,1,0,1,450.0,17.5,0.0
2022-06-06,2022-06,Lun,False,False,Panipuri,Fastfood,20.0,7.0,0,3.5,4,0,4,0,4,0.0,28.0,0.0
2022-06-06,2022-06,Lun,False,False,Sandwich,Fastfood,60.0,21.0,0,0.0,0,0,0,0,0,0.0,0.0,0.0
2022-06-06,2022-06,Lun,False,False,Sugarcane juice,Beverages,25.0,8.75,6,0.25,1,1,0,5,5,25.0,0.0,125.0
2022-06-06,2022-06,Lun,False,False,Vadapav,Fastfood,20.0,7.0,0,8.25,10,0,10,0,10,0.0,70.0,0.0
2022-06-07,2022-06,Mar,False,False,Aalopuri,Fastfood,20.0,7.0,0,0.0,0,0,0,0,0,0.0,0.0,0.0
2022-06-07,2022-06,Mar,False,False,Cold coffee,Beverages,40.0,14.0,0,0.75,1,0,1,0,1,0.0,14.0,0.0
2022-06-07,2022-06,Mar,False,False,Frankie,Fastfood,50.0,17.5,8,8.75,10,8,2,0,2,400.0,35.0,0.0
2022-06-07,2022-06,Mar,False,False,Panipuri,Fastfood,20.0,7.0,0,1.75,2,0,2,0,2,0.0,14.0,0.0
2022-06-07,2022-06,Mar,False,False,Sandwich,Fastfood,60.0,21.0,0,0.0,0,0,0,0,0,0.0,0.0,0.0
2022-06-07,2022-06,Mar,False,False,Sugarcane juice,Beverages,25.0,8.75,1,0.0,0,0,0,1,1,0.0,0.0,25.0
2022-06-07,2022-06,Mar,False,False,Vadapav,Fastfood,20.0,7.0,0,0.5,1,0,1,0,1,0.0,7.0,0.0
2022-06-08,2022-06,Mié,False,False,Aalopuri,Fastfood,20.0,7.0,0,1.0,2,0,2,0,2,0.0,14.0,0.0
2022-06-08,2022-06,Mié,False,False,Cold coffee,Beverages,40.0,14.0,0,0.0,0,0,0,0,0,0.0,0.0,0.0
2022-06-08,2022-06,Mié,False,False,Frankie,Fastfood,50.0,17.5,0,6.0,7,0,7,0,7,0.0,122.5,0.0
2022-06-08,2022-06,Mié,False,False,Panipuri,Fastfood,20.0,7.0,0,2.0,3,0,3,0,3,0.0,21.0,0.0
2022-06-08,2022-06,Mié,False,False,Sandwich,Fastfood,60.0,21.0,0,0.5,1,0,1,0,1,0.0,21.0,0.0
2022-06-08,2022-06,Mié,False,False,Sugarcane juice,Beverages,25.0,8.75,0,3.5,4,0,4,0,4,0.0,35.0,0.0
2022-06-08,2022-06,Mié,False,False,Vadapav,Fastfood,20.0,7.0,14,1.0,2,2,0,12,12,40.0,0.0,240.0
2022-06-09,2022-06,Jue,False,False,Aalopuri,Fastfood,20.0,7.0,0,5.5,7,0,7,0,7,0.0,49.0,0.0
2022-06-09,2022-06,Jue,False,False,Cold coffee,Beverages,40.0,14.0,13,1.75,2,2,0,11,11,80.0,0.0,440.0
2022-06-09,2022-06,Jue,False,False,Frankie,Fastfood,50.0,17.5,0,0.0,0,0,0,0,0,0.0,0.0,0.0
2022-06-09,2022-06,Jue,False,False,Panipuri,Fastfood,20.0,7.0,0,2.5,3,0,3,0,3,0.0,21.0,0.0
2022-06-09,2022-06,Jue,False,False,Sandwich,Fastfood,60.0,21.0,0,0.75,1,0,1,0,1,0.0,21.0,0.0
2022-06-09,2022-06,Jue,False,False,Sugarcane juice,Beverages,25.0,8.75,0,5.5,7,0,7,0,7,0.0,61.25,0.0
2022-06-09,2022-06,Jue,False,False,Vadapav,Fastfood,20.0,7.0,0,0.25,1,0,1,0,1,0.0,7.0,0.0
2022-06-10,2022-06,Vie,False,False,Aalopuri,Fastfood,20.0,7.0,0,7.0,8,0,8,0,8,0.0,56.0,0.0
2022-06-10,2022-06,Vie,False,False,Cold coffee,Beverages,40.0,14.0,8,3.5,4,4,0,4,4,160.0,0.0,160.0
2022-06-10,2022-06,Vie,False,False,Frankie,Fastfood,50.0,17.5,0,1.75,2,0,2,0,2,0.0,35.0,0.0
2022-06-10,2022-06,Vie,False,False,Panipuri,Fastfood,20.0,7.0,1,3.5,4,1,3,0,3,20.0,21.0,0.0
2022-06-10,2022-06,Vie,False,False,Sandwich,Fastfood,60.0,21.0,0,4.0,5,0,5,0,5,0.0,105.0,0.0
2022-06-10,2022-06,Vie,False,False,Sugarcane juice,Beverages,25.0,8.75,0,4.75,6,0,6,0,6,0.0,52.5,0.0
2022-06-10,2022-06,Vie,False,False,Vadapav,Fastfood,20.0,7.0,5,3.25,4,4,0,1,1,80.0,0.0,20.0
2022-06-11,2022-06,Sáb,True,False,Aalopuri,Fastfood,20.0,7.0,0,8.0,9,0,9,0,9,0.0,63.0,0.0
2022-06-11,2022-06,Sáb,True,False,Cold coffee,Beverages,40.0,14.0,2,5.75,7,2,5,0,5,80.0,70.0,0.0
2022-06-11,2022-06,Sáb,True,False,Frankie,Fastfood,50.0,17.5,13,1.25,2,2,0,11,11,100.0,0.0,550.0
2022-06-11,2022-06,Sáb,True,False,Panipuri,Fastfood,20.0,7.0,0,1.75,2,0,2,0,2,0.0,14.0,0.0
2022-06-11,2022-06,Sáb,True,False,Sandwich,Fastfood,60.0,21.0,6,0.5,1,1,0,5,5,60.0,0.0,300.0
2022-06-11,2022-06,Sáb,True,False,Sugarcane juice,Beverages,25.0,8.75,0,0.0,0,0,0,0,0,0.0,0.0,0.0
2022-06-11,2022-06,Sáb,True,False,Vadapav,Fastfood,20.0,7.0,0,4.25,5,0,5,0,5,0.0,35.0,0.0
2022-06-12,2022-06,Dom,True,False,Aalopuri,Fastfood,20.0,7.0,0,8.0,9,0,9,0,9,0.0,63.0,0.0
2022-06-12,2022-06,Dom,True,False,Cold coffee,Beverages,40.0,14.0,0,0.5,1,0,1,0,1,0.0,14.0,0.0
2022-06-12,2022-06,Dom,True,False,Frankie,Fastfood,50.0,17.5,13,3.0,4,4,0,9,9,200.0,0.0,450.0
2022-06-12,2022-06,Dom,True,False,Panipuri,Fastfood,20.0,7.0,0,1.75,2,0,2,0,2,0.0,14.0,0.0
2022-06-12,2022-06,Dom,True,False,Sandwich,Fastfood,60.0,21.0,0,8.25,10,0,10,0,10,0.0,210.0,0.0
2022-06-12,2022-06,Dom,True,False,Sugarcane juice,Beverages,25.0,8.75,0,0.0,0,0,0,0,0,0.0,0.0,0.0
2022-06-12,2022-06,Dom,True,False,Vadapav,Fastfood,20.0,7.0,0,6.5,8,0,8,0,8,0.0,56.0,0.0
2022-06-13,2022-06,Lun,False,False,Aalopuri,Fastfood,20.0,7.0,0,4.0,5,0,5,0,5,0.0,35.0,0.0
2022-06-13,2022-06,Lun,False,False,Cold coffee,Beverages,40.0,14.0,0,0.75,1,0,1,0,1,0.0,14.0,0.0
2022-06-13,2022-06,Lun,False,False,Frankie,Fastfood,50.0,17.5,6,8.5,10,6,4,0,4,300.0,70.0,0.0
2022-06-13,2022-06,Lun,False,False,Panipuri,Fastfood,20.0,7.0,8,0.0,0,0,0,8,8,0.0,0.0,160.0
2022-06-13,2022-06,Lun,False,False,Sandwich,Fastfood,60.0,21.0,0,0.0,0,0,0,0,0,0.0,0.0,0.0
2022-06-13,2022-06,Lun,False,False,Sugarcane juice,Beverages,25.0,8.75,0,1.5,2,0,2,0,2,0.0,17.5,0.0
2022-06-13,2022-06,Lun,False,False,Vadapav,Fastfood,20.0,7.0,0,4.5,5,0,5,0,5,0.0,35.0,0.0
2022-06-14,2022-06,Mar,False,False,Aalopuri,Fastfood,20.0,7.0,0,0.0,0,0,0,0,0,0.0,0.0,0.0
2022-06-14,2022-06,Mar,False,False,Cold coffee,Beverages,40.0,14.0,0,0.75,1,0,1,0,1,0.0,14.0,0.0
2022-06-14,2022-06,Mar,False,False,Frankie,Fastfood,50.0,17.5,1,7.25,8,1,7,0,7,50.0,122.5,0.0
2022-06-14,2022-06,Mar,False,False,Panipuri,Fastfood,20.0,7.0,0,1.75,2,0,2,0,2,0.0,14.0,0.0
2022-06-14,2022-06,Mar,False,False,Sandwich,Fastfood,60.0,21.0,0,0.0,0,0,0,0,0,0.0,0.0,0.0
2022-06-14,2022-06,Mar,False,False,Sugarcane juice,Beverages,25.0,8.75,0,0.25,1,0,1,0,1,0.0,8.75,0.0
2022-06-14,2022-06,Mar,False,False,Vadapav,Fastfood,20.0,7.0,0,0.5,1,0,1,0,1,0.0,7.0,0.0
2022-06-15,2022-06,Mié,False,True,Aalopuri,Fastfood,20.0,7.0,4,0.0,0,0,0,4,4,0.0,0.0,80.0
2022-06-15,2022-06,Mié,False,True,Cold coffee,Beverages,40.0,14.0,0,0.0,0,0,0,0,0,0.0,0.0,0.0
2022-06-15,2022-06,Mié,False,True,Frankie,Fastfood,50.0,17.5,0,6.0,7,0,7,0,7,0.0,122.5,0.0
2022-06-15,2022-06,Mié,False,True,Panipuri,Fastfood,20.0,7.0,0,2.0,3,0,3,0,3,0.0,21.0,0.0
2022-06-15,2022-06,Mié,False,True,Sandwich,Fastfood,60.0,21.0,13,0.5,1,1,0,12,12,60.0,0.0,720.0
2022-06-15,2022-06,Mié,False,True,Sugarcane juice,Beverages,25.0,8.75,0,3.5,4,0,4,0,4,0.0,35.0,0.0
2022-06-15,2022-06,Mié,False,True,Vadapav,Fastfood,20.0,7.0,0,4.5,5,0,5,0,5,0.0,35.0,0.0
2022-06-16,2022-06,Jue,False,True,Aalopuri,Fastfood,20.0,7.0,0,1.75,2,0,2,0,2,0.0,14.0,0.0
2022-06-16,2022-06,Jue,False,True,Cold coffee,Beverages,40.0,14.0,0,5.0,6,0,6,0,6,0.0,84.0,0.0
2022-06-16,2022-06,Jue,False,True,Frankie,Fastfood,50.0,17.5,12,0.0,0,0,0,12,12,0.0,0.0,600.0
2022-06-16,2022-06,Jue,False,True,Panipuri,Fastfood,20.0,7.0,0,0.0,0,0,0,0,0,0.0,0.0,0.0
2022-06-16,2022-06,Jue,False,True,Sandwich,Fastfood,60.0,21.0,0,0.75,1,0,1,0,1,0.0,21.0,0.0
2022-06-16,2022-06,Jue,False,True,Sugarcane juice,Beverages,25.0,8.75,0,3.5,4,0,4,0,4,0.0,35.0,0.0
2022-06-16,2022-06,Jue,False,True,Vadapav,Fastfood,20.0,7.0,3,0.25,1,1,0,2,2,20.0,0.0,40.0
2022-06-17,2022-06,Vie,False,False,Aalopuri,Fastfood,20.0,7.0,0,3.25,4,0,4,0,4,0.0,28.0,0.0
2022-06-17,2022-06,Vie,False,False,Cold coffee,Beverages,40.0,14.0,0,2.0,3,0,3,0,3,0.0,42.0,0.0
2022-06-17,2022-06,Vie,False,False,Frankie,Fastfood,50.0,17.5,0,1.75,2,0,2,0,2,0.0,35.0,0.0
2022-06-17,2022-06,Vie,False,False,Panipuri,Fastfood,20.0,7.0,12,3.75,5,5,0,7,7,100.0,0.0,140.0
2022-06-17,2022-06,Vie,False,False,Sandwich,Fastfood,60.0,21.0,15,4.0,5,5,0,10,10,300.0,0.0,600.0
2022-06-17,2022-06,Vie,False,False,Sugarcane juice,Beverages,25.0,8.75,0,4.5,5,0,5,0,5,0.0,43.75,0.0
2022-06-17,2022-06,Vie,False,False,Vadapav,Fastfood,20.0,7.0,0,4.5,5,0,5,0,5,0.0,35.0,0.0
2022-06-18,2022-06,Sáb,True,False,Aalopuri,Fastfood,20.0,7.0,0,6.25,7,0,7,0,7,0.0,49.0,0.0
2022-06-18,2022-06,Sáb,True,False,Cold coffee,Beverages,40.0,14.0,0,3.75,5,0,5,0,5,0.0,70.0,0.0
2022-06-18,2022-06,Sáb,True,False,Frankie,Fastfood,50.0,17.5,0,3.25,4,0,4,0,4,0.0,70.0,0.0
2022-06-18,2022-06,Sáb,True,False,Panipuri,Fastfood,20.0,7.0,0,1.75,2,0,2,0,2,0.0,14.0,0.0
2022-06-18,2022-06,Sáb,True,False,Sandwich,Fastfood,60.0,21.0,0,2.0,3,0,3,0,3,0.0,63.0,0.0
2022-06-18,2022-06,Sáb,True,False,Sugarcane juice,Beverages,25.0,8.75,19,0.0,0,0,0,19,19,0.0,0.0,475.0
2022-06-18,2022-06,Sáb,True,False,Vadapav,Fastfood,20.0,7.0,0,3.75,5,0,5,0,5,0.0,35.0,0.0
2022-06-19,2022-06,Dom,True,False,Aalopuri,Fastfood,20.0,7.0,0,2.75,4,0,4,0,4,0.0,28.0,0.0
2022-06-19,2022-06,Dom,True,False,Cold coffee,Beverages,40.0,14.0,0,0.0,0,0,0,0,0,0.0,0.0,0.0
2022-06-19,2022-06,Dom,True,False,Frankie,Fastfood,50.0,17.5,6,6.25,7,6,1,0,1,300.0,17.5,0.0
2022-06-19,2022-06,Dom,True,False,Panipuri,Fastfood,20.0,7.0,2,1.75,2,2,0,0,0,40.0,0.0,0.0
2022-06-19,2022-06,Dom,True,False,Sandwich,Fastfood,60.0,21.0,10,6.5,8,8,0,2,2,480.0,0.0,120.0
2022-06-19,2022-06,Dom,True,False,Sugarcane juice,Beverages,25.0,8.75,0,0.0,0,0,0,0,0,0.0,0.0,0.0
2022-06-19,2022-06,Dom,True,False,Vadapav,Fastfood,20.0,7.0,0,2.75,4,0,4,0,4,0.0,28.0,0.0
2022-06-20,2022-06,Lun,False,False,Aalopuri,Fastfood,20.0,7.0,0,3.5,4,0,4,0,4,0.0,28.0,0.0
2022-06-20,2022-06,Lun,False,False,Cold coffee,Beverages,40.0,14.0,5,0.75,1,1,0,4,4,40.0,0.0,160.0
2022-06-20,2022-06,Lun,False,False,Frankie,Fastfood,50.0,17.5,0,6.25,7,0,7,0,7,0.0,122.5,0.0
2022-06-20,2022-06,Lun,False,False,Panipuri,Fastfood,20.0,7.0,0,2.0,3,0,3,0,3,0.0,21.0,0.0
2022-06-20,2022-06,Lun,False,False,Sandwich,Fastfood,60.0,21.0,0,0.0,0,0,0,0,0,0.0,0.0,0.0
2022-06-20,2022-06,Lun,False,False,Sugarcane juice,Beverages,25.0,8.75,0,1.5,2,0,2,0,2,0.0,17.5,0.0
2022-06-20,2022-06,Lun,False,False,Vadapav,Fastfood,20.0,7.0,15,0.75,1,1,0,14,14,20.0,0.0,280.0
2022-06-21,2022-06,Mar,False,False,Aalopuri,Fastfood,20.0,7.0,0,0.0,0,0,0,0,0,0.0,0.0,0.0
2022-06-21,2022-06,Mar,False,False,Cold coffee,Beverages,40.0,14.0,0,0.75,1,0,1,0,1,0.0,14.0,0.0
2022-06-21,2022-06,Mar,False,False,Frankie,Fastfood,50.0,17.5,0,7.5,9,0,9,0,9,0.0,157.5,0.0
2022-06-21,2022-06,Mar,False,False,Panipuri,Fastfood,20.0,7.0,0,0.0,0,0,0,0,0,0.0,0.0,0.0
2022-06-21,2022-06,Mar,False,False,Sandwich,Fastfood,60.0,21.0,0,0.0,0,0,0,0,0,0.0,0.0,0.0
2022-06-21,2022-06,Mar,False,False,Sugarcane juice,Beverages,25.0,8.75,0,0.25,1,0,1,0,1,0.0,8.75,0.0
2022-06-21,2022-06,Mar,False,False,Vadapav,Fastfood,20.0,7.0,0,0.5,1,0,1,0,1,0.0,7.0,0.0
2022-06-22,2022-06,Mié,False,False,Aalopuri,Fastfood,20.0,7.0,0,1.0,2,0,2,0,2,0.0,14.0,0.0
2022-06-22,2022-06,Mié,False,False,Cold coffee,Beverages,40.0,14.0,0,0.0,0,0,0,0,0,0.0,0.0,0.0
2022-06-22,2022-06,Mié,False,False,Frankie,Fastfood,50.0,17.5,0,2.75,4,0,4,0,4,0.0,70.0,0.0
2022-06-22,2022-06,Mié,False,False,Panipuri,Fastfood,20.0,7.0,4,2.0,3,3,0,1,1,60.0,0.0,20.0
2022-06-22,2022-06,Mié,False,False,Sandwich,Fastfood,60.0,21.0,0,3.75,5,0,5,0,5,0.0,105.0,0.0
2022-06-22,2022-06,Mié,False,False,Sugarcane juice,Beverages,25.0,8.75,15,3.5,4,4,0,11,11,100.0,0.0,275.0
2022-06-22,2022-06,Mié,False,False,Vadapav,Fastfood,20.0,7.0,0,3.5,4,0,4,0,4,0.0,28.0,0.0
2022-06-23,2022-06,Jue,False,False,Aalopuri,Fastfood,20.0,7.0,0,0.0,0,0,0,0,0,0.0,0.0,0.0
2022-06-23,2022-06,Jue,False,False,Cold coffee,Beverages,40.0,14.0,0,4.25,5,0,5,0,5,0.0,70.0,0.0
2022-06-23,2022-06,Jue,False,False,Frankie,Fastfood,50.0,17.5,0,3.0,4,0,4,0,4,0.0,70.0,0.0
2022-06-23,2022-06,Jue,False,False,Panipuri,Fastfood,20.0,7.0,0,0.0,0,0,0,0,0,0.0,0.0,0.0
2022-06-23,2022-06,Jue,False,False,Sandwich,Fastfood,60.0,21.0,0,0.75,1,0,1,0,1,0.0,21.0,0.0
2022-06-23,2022-06,Jue,False,False,Sugarcane juice,Beverages,25.0,8.75,0,3.5,4,0,4,0,4,0.0,35.0,0.0
2022-06-23,2022-06,Jue,False,False,Vadapav,Fastfood,20.0,7.0,0,1.0,2,0,2,0,2,0.0,14.0,0.0
2022-06-24,2022-06,Vie,False,False,Aalopuri,Fastfood,20.0,7.0,0,2.5,3,0,3,0,3,0.0,21.0,0.0
2022-06-24,2022-06,Vie,False,False,Cold coffee,Beverages,40.0,14.0,0,2.0,3,0,3,0,3,0.0,42.0,0.0
2022-06-24,2022-06,Vie,False,False,Frankie,Fastfood,50.0,17.5,7,1.75,2,2,0,5,5,100.0,0.0,250.0
2022-06-24,2022-06,Vie,False,False,Panipuri,Fastfood,20.0,7.0,9,6.75,8,8,0,1,1,160.0,0.0,20.0
2022-06-24,2022-06,Vie,False,False,Sandwich,Fastfood,60.0,21.0,0,7.75,9,0,9,0,9,0.0,189.0,0.0
2022-06-24,2022-06,Vie,False,False,Sugarcane juice,Beverages,25.0,8.75,0,0.0,0,0,0,0,0,0.0,0.0,0.0
2022-06-24,2022-06,Vie,False,False,Vadapav,Fastfood,20.0,7.0,0,4.5,5,0,5,0,5,0.0,35.0,0.0
2022-06-25,2022-06,Sáb,True,False,Aalopuri,Fastfood,20.0,7.0,2,0.0,0,0,0,2,2,0.0,0.0,40.0
2022-06-25,2022-06,Sáb,True,False,Cold coffee,Beverages,40.0,14.0,0,0.5,1,0,1,0,1,0.0,14.0,0.0
2022-06-25,2022-06,Sáb,True,False,Frankie,Fastfood,50.0,17.5,10,3.25,4,4,0,6,6,200.0,0.0,300.0
2022-06-25,2022-06,Sáb,True,False,Panipuri,Fastfood,20.0,7.0,0,1.75,2,0,2,0,2,0.0,14.0,0.0
2022-06-25,2022-06,Sáb,True,False,Sandwich,Fastfood,60.0,21.0,3,1.5,2,2,0,1,1,120.0,0.0,60.0
2022-06-25,2022-06,Sáb,True,False,Sugarcane juice,Beverages,25.0,8.75,19,4.75,6,6,0,13,13,150.0,0.0,325.0
2022-06-25,2022-06,Sáb,True,False,Vadapav,Fastfood,20.0,7.0,0,3.75,5,0,5,0,5,0.0,35.0,0.0
2022-06-26,2022-06,Dom,True,False,Aalopuri,Fastfood,20.0,7.0,15,2.75,4,4,0,11,11,80.0,0.0,220.0
2022-06-26,2022-06,Dom,True,False,Cold coffee,Beverages,40.0,14.0,0,0.0,0,0,0,0,0,0.0,0.0,0.0
2022-06-26,2022-06,Dom,True,False,Frankie,Fastfood,50.0,17.5,0,4.75,6,0,6,0,6,0.0,105.0,0.0
2022-06-26,2022-06,Dom,True,False,Panipuri,Fastfood,20.0,7.0,9,2.25,3,3,0,6,6,60.0,0.0,120.0
2022-06-26,2022-06,Dom,True,False,Sandwich,Fastfood,60.0,21.0,0,2.5,3,0,3,0,3,0.0,63.0,0.0
2022-06-26,2022-06,Dom,True,False,Sugarcane juice,Beverages,25.0,8.75,1,0.0,0,0,0,1,1,0.0,0.0,25.0
2022-06-26,2022-06,Dom,True,False,Vadapav,Fastfood,20.0,7.0,12,0.75,1,1,0,11,11,20.0,0.0,220.0
2022-06-27,2022-06,Lun,False,False,Aalopuri,Fastfood,20.0,7.0,8,2.75,4,4,0,4,4,80.0,0.0,80.0
2022-06-27,2022-06,Lun,False,False,Cold coffee,Beverages,40.0,14.0,0,2.0,3,0,3,0,3,0.0,42.0,0.0
2022-06-27,2022-06,Lun,False,False,Frankie,Fastfood,50.0,17.5,10,6.25,7,7,0,3,3,350.0,0.0,150.0
2022-06-27,2022-06,Lun,False,False,Panipuri,Fastfood,20.0,7.0,0,2.0,3,0,3,0,3,0.0,21.0,0.0
2022-06-27,2022-06,Lun,False,False,Sandwich,Fastfood,60.0,21.0,0,0.0,0,0,0,0,0,0.0,0.0,0.0
2022-06-27,2022-06,Lun,False,False,Sugarcane juice,Beverages,25.0,8.75,0,1.5,2,0,2,0,2,0.0,17.5,0.0
2022-06-27,2022-06,Lun,False,False,Vadapav,Fastfood,20.0,7.0,0,3.75,5,0,5,0,5,0.0,35.0,0.0
2022-06-28,2022-06,Mar,False,False,Aalopuri,Fastfood,20.0,7.0,3,0.0,0,0,0,3,3,0.0,0.0,60.0
2022-06-28,2022-06,Mar,False,False,Cold coffee,Beverages,40.0,14.0,0,0.0,0,0,0,0,0,0.0,0.0,0.0
2022-06-28,2022-06,Mar,False,False,Frankie,Fastfood,50.0,17.5,13,4.25,5,5,0,8,8,250.0,0.0,400.0
2022-06-28,2022-06,Mar,False,False,Panipuri,Fastfood,20.0,7.0,0,0.0,0,0,0,0,0,0.0,0.0,0.0
2022-06-28,2022-06,Mar,False,False,Sandwich,Fastfood,60.0,21.0,0,0.0,0,0,0,0,0,0.0,0.0,0.0
2022-06-28,2022-06,Mar,False,False,Sugarcane juice,Beverages,25.0,8.75,2,0.25,1,1,0,1,1,25.0,0.0,25.0
2022-06-28,2022-06,Mar,False,False,Vadapav,Fastfood,20.0,7.0,0,0.5,1,0,1,0,1,0.0,7.0,0.0
2022-06-29,2022-06,Mié,False,False,Aalopuri,Fastfood,20.0,7.0,0,1.0,2,0,2,0,2,0.0,14.0,0.0
2022-06-29,2022-06,Mié,False,False,Cold coffee,Beverages,40.0,14.0,14,0.0,0,0,0,14,14,0.0,0.0,560.0
2022-06-29,2022-06,Mié,False,False,Frankie,Fastfood,50.0,17.5,0,0.0,0,0,0,0,0,0.0,0.0,0.0
2022-06-29,2022-06,Mié,False,False,Panipuri,Fastfood,20.0,7.0,0,2.5,3,0,3,0,3,0.0,21.0,0.0
2022-06-29,2022-06,Mié,False,False,Sandwich,Fastfood,60.0,21.0,0,3.25,4,0,4,0,4,0.0,84.0,0.0
2022-06-29,2022-06,Mié,False,False,Sugarcane juice,Beverages,25.0,8.75,0,3.75,5,0,5,0,5,0.0,43.75,0.0
2022-06-29,2022-06,Mié,False,False,Vadapav,Fastfood,20.0,7.0,0,3.5,4,0,4,0,4,0.0,28.0,0.0
2022-06-30,2022-06,Jue,False,True,Aalopuri,Fastfood,20.0,7.0,0,0.0,0,0,0,0,0,0.0,0.0,0.0
2022-06-30,2022-06,Jue,False,True,Cold coffee,Beverages,40.0,14.0,0,4.25,5,0,5,0,5,0.0,70.0,0.0
2022-06-30,2022-06,Jue,False,True,Frankie,Fastfood,50.0,17.5,20,3.0,4,4,0,16,16,200.0,0.0,800.0
2022-06-30,2022-06,Jue,False,True,Panipuri,Fastfood,20.0,7.0,8,0.0,0,0,0,8,8,0.0,0.0,160.0
2022-06-30,2022-06,Jue,False,True,Sandwich,Fastfood,60.0,21.0,17,0.0,0,0,0,17,17,0.0,0.0,1020.0
2022-06-30,2022-06,Jue,False,True,Sugarcane juice,Beverages,25.0,8.75,12,0.0,0,0,0,12,12,0.0,0.0,300.0
2022-06-30,2022-06,Jue,False,True,Vadapav,Fastfood,20.0,7.0,6,0.75,1,1,0,5,5,20.0,0.0,100.0
2022-07-01,2022-07,Vie,False,True,Aalopuri,Fastfood,20.0,7.0,0,0.0,0,0,0,0,0,0.0,0.0,0.0
2022-07-01,2022-07,Vie,False,True,Cold coffee,Beverages,40.0,14.0,19,2.0,3,3,0,16,16,120.0,0.0,640.0
2022-07-01,2022-07,Vie,False,True,Frankie,Fastfood,50.0,17.5,0,1.75,2,0,2,0,2,0.0,35.0,0.0
2022-07-01,2022-07,Vie,False,True,Panipuri,Fastfood,20.0,7.0,10,5.5,7,7,0,3,3,140.0,0.0,60.0
2022-07-01,2022-07,Vie,False,True,Sandwich,Fastfood,60.0,21.0,0,3.75,5,0,5,0,5,0.0,105.0,0.0
2022-07-01,2022-07,Vie,False,True,Sugarcane juice,Beverages,25.0,8.75,7,0.0,0,0,0,7,7,0.0,0.0,175.0
2022-07-01,2022-07,Vie,False,True,Vadapav,Fastfood,20.0,7.0,5,1.25,2,2,0,3,3,40.0,0.0,60.0
2022-07-02,2022-07,Sáb,True,False,Aalopuri,Fastfood,20.0,7.0,0,0.5,1,0,1,0,1,0.0,7.0,0.0
2022-07-02,2022-07,Sáb,True,False,Cold coffee,Beverages,40.0,14.0,11,0.5,1,1,0,10,10,40.0,0.0,400.0
2022-07-02,2022-07,Sáb,True,False,Frankie,Fastfood,50.0,17.5,0,5.75,7,0,7,0,7,0.0,122.5,0.0
2022-07-02,2022-07,Sáb,True,False,Panipuri,Fastfood,20.0,7.0,15,0.5,1,1,0,14,14,20.0,0.0,280.0
2022-07-02,2022-07,Sáb,True,False,Sandwich,Fastfood,60.0,21.0,0,2.25,3,0,3,0,3,0.0,63.0,0.0
2022-07-02,2022-07,Sáb,True,False,Sugarcane juice,Beverages,25.0,8.75,11,9.5,11,11,0,0,0,275.0,0.0,0.0
2022-07-02,2022-07,Sáb,True,False,Vadapav,Fastfood,20.0,7.0,0,0.0,0,0,0,0,0,0.0,0.0,0.0
2022-07-03,2022-07,Dom,True,False,Aalopuri,Fastfood,20.0,7.0,13,3.75,5,5,0,8,8,100.0,0.0,160.0
2022-07-03,2022-07,Dom,True,False,Cold coffee,Beverages,40.0,14.0,2,0.0,0,0,0,2,2,0.0,0.0,80.0
2022-07-03,2022-07,Dom,True,False,Frankie,Fastfood,50.0,17.5,0,4.75,6,0,6,0,6,0.0,105.0,0.0
2022-07-03,2022-07,Dom,True,False,Panipuri,Fastfood,20.0,7.0,0,4.5,5,0,5,0,5,0.0,35.0,0.0
2022-07-03,2022-07,Dom,True,False,Sandwich,Fastfood,60.0,21.0,2,2.5,3,2,1,0,1,120.0,21.0,0.0
2022-07-03,2022-07,Dom,True,False,Sugarcane juice,Beverages,25.0,8.75,0,0.25,1,0,1,0,1,0.0,8.75,0.0
2022-07-03,2022-07,Dom,True,False,Vadapav,Fastfood,20.0,7.0,0,3.75,5,0,5,0,5,0.0,35.0,0.0
2022-07-04,2022-07,Lun,False,False,Aalopuri,Fastfood,20.0,7.0,0,4.75,6,0,6,0,6,0.0,42.0,0.0
2022-07-04,2022-07,Lun,False,False,Cold coffee,Beverages,40.0,14.0,0,1.25,2,0,2,0,2,0.0,28.0,0.0
2022-07-04,2022-07,Lun,False,False,Frankie,Fastfood,50.0,17.5,0,6.25,7,0,7,0,7,0.0,122.5,0.0
2022-07-04,2022-07,Lun,False,False,Panipuri,Fastfood,20.0,7.0,0,2.0,3,0,3,0,3,0.0,21.0,0.0
2022-07-04,2022-07,Lun,False,False,Sandwich,Fastfood,60.0,21.0,10,0.0,0,0,0,10,10,0.0,0.0,600.0
2022-07-04,2022-07,Lun,False,False,Sugarcane juice,Beverages,25.0,8.75,1,1.5,2,1,1,0,1,25.0,8.75,0.0
2022-07-04,2022-07,Lun,False,False,Vadapav,Fastfood,20.0,7.0,20,3.75,5,5,0,15,15,100.0,0.0,300.0
2022-07-05,2022-07,Mar,False,False,Aalopuri,Fastfood,20.0,7.0,0,0.75,1,0,1,0,1,0.0,7.0,0.0
2022-07-05,2022-07,Mar,False,False,Cold coffee,Beverages,40.0,14.0,0,0.0,0,0,0,0,0,0.0,0.0,0.0
2022-07-05,2022-07,Mar,False,False,Frankie,Fastfood,50.0,17.5,0,5.5,7,0,7,0,7,0.0,122.5,0.0
2022-07-05,2022-07,Mar,False,False,Panipuri,Fastfood,20.0,7.0,15,0.0,0,0,0,15,15,0.0,0.0,300.0
2022-07-05,2022-07,Mar,False,False,Sandwich,Fastfood,60.0,21.0,0,0.0,0,0,0,0,0,0.0,0.0,0.0
2022-07-05,2022-07,Mar,False,False,Sugarcane juice,Beverages,25.0,8.75,0,0.75,1,0,1,0,1,0.0,8.75,0.0
2022-07-05,2022-07,Mar,False,False,Vadapav,Fastfood,20.0,7.0,0,0.0,0,0,0,0,0,0.0,0.0,0.0
2022-07-06,2022-07,Mié,False,False,Aalopuri,Fastfood,20.0,7.0,2,1.0,2,2,0,0,0,40.0,0.0,0.0
2022-07-06,2022-07,Mié,False,False,Cold coffee,Beverages,40.0,14.0,0,3.5,4,0,4,0,4,0.0,56.0,0.0
2022-07-06,2022-07,Mié,False,False,Frankie,Fastfood,50.0,17.5,0,0.0,0,0,0,0,0,0.0,0.0,0.0
2022-07-06,2022-07,Mié,False,False,Panipuri,Fastfood,20.0,7.0,0,1.0,2,0,2,0,2,0.0,14.0,0.0
2022-07-06,2022-07,Mié,False,False,Sandwich,Fastfood,60.0,21.0,1,3.25,4,1,3,0,3,60.0,63.0,0.0
2022-07-06,2022-07,Mié,False,False,Sugarcane juice,Beverages,25.0,8.75,0,3.75,5,0,5,0,5,0.0,43.75,0.0
2022-07-06,2022-07,Mié,False,False,Vadapav,Fastfood,20.0,7.0,0,3.5,4,0,4,0,4,0.0,28.0,0.0
2022-07-07,2022-07,Jue,False,False,Aalopuri,Fastfood,20.0,7.0,0,0.0,0,0,0,0,0,0.0,0.0,0.0
2022-07-07,2022-07,Jue,False,False,Cold coffee,Beverages,40.0,14.0,10,3.25,4,4,0,6,6,160.0,0.0,240.0
2022-07-07,2022-07,Jue,False,False,Frankie,Fastfood,50.0,17.5,0,8.0,9,0,9,0,9,0.0,157.5,0.0
2022-07-07,2022-07,Jue,False,False,Panipuri,Fastfood,20.0,7.0,0,2.0,3,0,3,0,3,0.0,21.0,0.0
2022-07-07,2022-07,Jue,False,False,Sandwich,Fastfood,60.0,21.0,0,4.25,5,0,5,0,5,0.0,105.0,0.0
2022-07-07,2022-07,Jue,False,False,Sugarcane juice,Beverages,25.0,8.75,0,3.0,4,0,4,0,4,0.0,35.0,0.0
2022-07-07,2022-07,Jue,False,False,Vadapav,Fastfood,20.0,7.0,0,2.25,3,0,3,0,3,0.0,21.0,0.0
2022-07-08,2022-07,Vie,False,False,Aalopuri,Fastfood,20.0,7.0,0,0.0,0,0,0,0,0,0.0,0.0,0.0
2022-07-08,2022-07,Vie,False,False,Cold coffee,Beverages,40.0,14.0,0,6.75,8,0,8,0,8,0.0,112.0,0.0
2022-07-08,2022-07,Vie,False,False,Frankie,Fastfood,50.0,17.5,5,1.75,2,2,0,3,3,100.0,0.0,150.0
2022-07-08,2022-07,Vie,False,False,Panipuri,Fastfood,20.0,7.0,10,8.0,9,9,0,1,1,180.0,0.0,20.0
2022-07-08,2022-07,Vie,False,False,Sandwich,Fastfood,60.0,21.0,0,3.75,5,0,5,0,5,0.0,105.0,0.0
2022-07-08,2022-07,Vie,False,False,Sugarcane juice,Beverages,25.0,8.75,0,1.75,2,0,2,0,2,0.0,17.5,0.0
2022-07-08,2022-07,Vie,False,False,Vadapav,Fastfood,20.0,7.0,0,2.5,3,0,3,0,3,0.0,21.0,0.0
2022-07-09,2022-07,Sáb,True,False,Aalopuri,Fastfood,20.0,7.0,1,0.5,1,1,0,0,0,20.0,0.0,0.0
2022-07-09,2022-07,Sáb,True,False,Cold coffee,Beverages,40.0,14.0,0,3.25,4,0,4,0,4,0.0,56.0,0.0
2022-07-09,2022-07,Sáb,True,False,Frankie,Fastfood,50.0,17.5,0,5.75,7,0,7,0,7,0.0,122.5,0.0
2022-07-09,2022-07,Sáb,True,False,Panipuri,Fastfood,20.0,7.0,0,3.75,5,0,5,0,5,0.0,35.0,0.0
2022-07-09,2022-07,Sáb,True,False,Sandwich,Fastfood,60.0,21.0,0,2.25,3,0,3,0,3,0.0,63.0,0.0
2022-07-09,2022-07,Sáb,True,False,Sugarcane juice,Beverages,25.0,8.75,0,12.25,14,0,14,0,14,0.0,122.5,0.0
2022-07-09,2022-07,Sáb,True,False,Vadapav,Fastfood,20.0,7.0,8,0.0,0,0,0,8,8,0.0,0.0,160.0
2022-07-10,2022-07,Dom,True,False,Aalopuri,Fastfood,20.0,7.0,0,7.0,8,0,8,0,8,0.0,56.0,0.0
2022-07-10,2022-07,Dom,True,False,Cold coffee,Beverages,40.0,14.0,0,0.5,1,0,1,0,1,0.0,14.0,0.0
2022-07-10,2022-07,Dom,True,False,Frankie,Fastfood,50.0,17.5,15,4.75,6,6,0,9,9,300.0,0.0,450.0
2022-07-10,2022-07,Dom,True,False,Panipuri,Fastfood,20.0,7.0,0,2.75,4,0,4,0,4,0.0,28.0,0.0
2022-07-10,2022-07,Dom,True,False,Sandwich,Fastfood,60.0,21.0,7,3.0,4,4,0,3,3,240.0,0.0,180.0
2022-07-10,2022-07,Dom,True,False,Sugarcane juice,Beverages,25.0,8.75,5,0.25,1,1,0,4,4,25.0,0.0,100.0
2022-07-10,2022-07,Dom,True,False,Vadapav,Fastfood,20.0,7.0,0,3.0,4,0,4,0,4,0.0,28.0,0.0
2022-07-11,2022-07,Lun,False,False,Aalopuri,Fastfood,20.0,7.0,0,2.0,3,0,3,0,3,0.0,21.0,0.0
2022-07-11,2022-07,Lun,False,False,Cold coffee,Beverages,40.0,14.0,0,1.25,2,0,2,0,2,0.0,28.0,0.0
2022-07-11,2022-07,Lun,False,False,Frankie,Fastfood,50.0,17.5,0,4.0,5,0,5,0,5,0.0,87.5,0.0
2022-07-11,2022-07,Lun,False,False,Panipuri,Fastfood,20.0,7.0,0,2.0,3,0,3,0,3,0.0,21.0,0.0
2022-07-11,2022-07,Lun,False,False,Sandwich,Fastfood,60.0,21.0,25,2.5,3,3,0,22,22,180.0,0.0,1320.0
2022-07-11,2022-07,Lun,False,False,Sugarcane juice,Beverages,25.0,8.75,0,0.25,1,0,1,0,1,0.0,8.75,0.0
2022-07-11,2022-07,Lun,False,False,Vadapav,Fastfood,20.0,7.0,0,8.75,10,0,10,0,10,0.0,70.0,0.0
2022-07-12,2022-07,Mar,False,False,Aalopuri,Fastfood,20.0,7.0,0,0.75,1,0,1,0,1,0.0,7.0,0.0
2022-07-12,2022-07,Mar,False,False,Cold coffee,Beverages,40.0,14.0,0,0.0,0,0,0,0,0,0.0,0.0,0.0
2022-07-12,2022-07,Mar,False,False,Frankie,Fastfood,50.0,17.5,13,3.5,4,4,0,9,9,200.0,0.0,450.0
2022-07-12,2022-07,Mar,False,False,Panipuri,Fastfood,20.0,7.0,0,3.75,5,0,5,0,5,0.0,35.0,0.0
2022-07-12,2022-07,Mar,False,False,Sandwich,Fastfood,60.0,21.0,0,0.0,0,0,0,0,0,0.0,0.0,0.0
2022-07-12,2022-07,Mar,False,False,Sugarcane juice,Beverages,25.0,8.75,0,0.5,1,0,1,0,1,0.0,8.75,0.0
2022-07-12,2022-07,Mar,False,False,Vadapav,Fastfood,20.0,7.0,8,0.0,0,0,0,8,8,0.0,0.0,160.0
2022-07-13,2022-07,Mié,False,False,Aalopuri,Fastfood,20.0,7.0,0,1.5,2,0,2,0,2,0.0,14.0,0.0
2022-07-13,2022-07,Mié,False,False,Cold coffee,Beverages,40.0,14.0,0,3.5,4,0,4,0,4,0.0,56.0,0.0
2022-07-13,2022-07,Mié,False,False,Frankie,Fastfood,50.0,17.5,0,0.0,0,0,0,0,0,0.0,0.0,0.0
2022-07-13,2022-07,Mié,False,False,Panipuri,Fastfood,20.0,7.0,0,1.0,2,0,2,0,2,0.0,14.0,0.0
2022-07-13,2022-07,Mié,False,False,Sandwich,Fastfood,60.0,21.0,0,3.5,4,0,4,0,4,0.0,84.0,0.0
2022-07-13,2022-07,Mié,False,False,Sugarcane juice,Beverages,25.0,8.75,12,3.75,5,5,0,7,7,125.0,0.0,175.0
2022-07-13,2022-07,Mié,False,False,Vadapav,Fastfood,20.0,7.0,0,0.0,0,0,0,0,0,0.0,0.0,0.0
2022-07-14,2022-07,Jue,False,False,Aalopuri,Fastfood,20.0,7.0,0,0.0,0,0,0,0,0,0.0,0.0,0.0
2022-07-14,2022-07,Jue,False,False,Cold coffee,Beverages,40.0,14.0,0,2.5,3,0,3,0,3,0.0,42.0,0.0
2022-07-14,2022-07,Jue,False,False,Frankie,Fastfood,50.0,17.5,0,8.0,9,0,9,0,9,0.0,157.5,0.0
2022-07-14,2022-07,Jue,False,False,Panipuri,Fastfood,20.0,7.0,0,2.0,3,0,3,0,3,0.0,21.0,0.0
2022-07-14,2022-07,Jue,False,False,Sandwich,Fastfood,60.0,21.0,12,4.25,5,5,0,7,7,300.0,0.0,420.0
2022-07-14,2022-07,Jue,False,False,Sugarcane juice,Beverages,25.0,8.75,7,3.0,4,4,0,3,3,100.0,0.0,75.0
2022-07-14,2022-07,Jue,False,False,Vadapav,Fastfood,20.0,7.0,0,2.25,3,0,3,0,3,0.0,21.0,0.0
2022-07-15,2022-07,Vie,False,True,Aalopuri,Fastfood,20.0,7.0,0,0.0,0,0,0,0,0,0.0,0.0,0.0
2022-07-15,2022-07,Vie,False,True,Cold coffee,Beverages,40.0,14.0,0,4.75,6,0,6,0,6,0.0,84.0,0.0
2022-07-15,2022-07,Vie,False,True,Frankie,Fastfood,50.0,17.5,0,3.0,4,0,4,0,4,0.0,70.0,0.0
2022-07-15,2022-07,Vie,False,True,Panipuri,Fastfood,20.0,7.0,0,10.25,12,0,12,0,12,0.0,84.0,0.0
2022-07-15,2022-07,Vie,False,True,Sandwich,Fastfood,60.0,21.0,0,3.75,5,0,5,0,5,0.0,105.0,0.0
2022-07-15,2022-07,Vie,False,True,Sugarcane juice,Beverages,25.0,8.75,0,1.75,2,0,2,0,2,0.0,17.5,0.0
2022-07-15,2022-07,Vie,False,True,Vadapav,Fastfood,20.0,7.0,6,1.25,2,2,0,4,4,40.0,0.0,80.0
2022-07-16,2022-07,Sáb,True,True,Aalopuri,Fastfood,20.0,7.0,5,0.75,1,1,0,4,4,20.0,0.0,80.0
2022-07-16,2022-07,Sáb,True,True,Cold coffee,Beverages,40.0,14.0,10,2.75,4,4,0,6,6,160.0,0.0,240.0
2022-07-16,2022-07,Sáb,True,True,Frankie,Fastfood,50.0,17.5,0,2.5,3,0,3,0,3,0.0,52.5,0.0
2022-07-16,2022-07,Sáb,True,True,Panipuri,Fastfood,20.0,7.0,0,3.75,5,0,5,0,5,0.0,35.0,0.0
2022-07-16,2022-07,Sáb,True,True,Sandwich,Fastfood,60.0,21.0,0,0.75,1,0,1,0,1,0.0,21.0,0.0
2022-07-16,2022-07,Sáb,True,True,Sugarcane juice,Beverages,25.0,8.75,0,12.25,14,0,14,0,14,0.0,122.5,0.0
2022-07-16,2022-07,Sáb,True,True,Vadapav,Fastfood,20.0,7.0,0,2.0,3,0,3,0,3,0.0,21.0,0.0
2022-07-17,2022-07,Dom,True,False,Aalopuri,Fastfood,20.0,7.0,12,7.0,8,8,0,4,4,160.0,0.0,80.0
2022-07-17,2022-07,Dom,True,False,Cold coffee,Beverages,40.0,14.0,0,0.5,1,0,1,0,1,0.0,14.0,0.0
2022-07-17,2022-07,Dom,True,False,Frankie,Fastfood,50.0,17.5,6,5.25,6,6,0,0,0,300.0,0.0,0.0
2022-07-17,2022-07,Dom,True,False,Panipuri,Fastfood,20.0,7.0,0,2.75,4,0,4,0,4,0.0,28.0,0.0
2022-07-17,2022-07,Dom,True,False,Sandwich,Fastfood,60.0,21.0,0,4.75,6,0,6,0,6,0.0,126.0,0.0
2022-07-17,2022-07,Dom,True,False,Sugarcane juice,Beverages,25.0,8.75,13,1.5,2,2,0,11,11,50.0,0.0,275.0
2022-07-17,2022-07,Dom,True,False,Vadapav,Fastfood,20.0,7.0,0,3.0,4,0,4,0,4,0.0,28.0,0.0
2022-07-18,2022-07,Lun,False,False,Aalopuri,Fastfood,20.0,7.0,0,2.0,3,0,3,0,3,0.0,21.0,0.0
2022-07-18,2022-07,Lun,False,False,Cold coffee,Beverages,40.0,14.0,0,1.25,2,0,2,0,2,0.0,28.0,0.0
2022-07-18,2022-07,Lun,False,False,Frankie,Fastfood,50.0,17.5,0,2.5,3,0,3,0,3,0.0,52.5,0.0
2022-07-18,2022-07,Lun,False,False,Panipuri,Fastfood,20.0,7.0,0,0.0,0,0,0,0,0,0.0,0.0,0.0
2022-07-18,2022-07,Lun,False,False,Sandwich,Fastfood,60.0,21.0,0,8.75,10,0,10,0,10,0.0,210.0,0.0
2022-07-18,2022-07,Lun,False,False,Sugarcane juice,Beverages,25.0,8.75,27,0.25,1,1,0,26,26,25.0,0.0,650.0
2022-07-18,2022-07,Lun,False,False,Vadapav,Fastfood,20.0,7.0,0,8.75,10,0,10,0,10,0.0,70.0,0.0
2022-07-19,2022-07,Mar,False,False,Aalopuri,Fastfood,20.0,7.0,0,0.75,1,0,1,0,1,0.0,7.0,0.0
2022-07-19,2022-07,Mar,False,False,Cold coffee,Beverages,40.0,14.0,0,0.0,0,0,0,0,0,0.0,0.0,0.0
2022-07-19,2022-07,Mar,False,False,Frankie,Fastfood,50.0,17.5,3,6.5,8,3,5,0,5,150.0,87.5,0.0
2022-07-19,2022-07,Mar,False,False,Panipuri,Fastfood,20.0,7.0,0,3.75,5,0,5,0,5,0.0,35.0,0.0
2022-07-19,2022-07,Mar,False,False,Sandwich,Fastfood,60.0,21.0,0,0.0,0,0,0,0,0,0.0,0.0,0.0
2022-07-19,2022-07,Mar,False,False,Sugarcane juice,Beverages,25.0,8.75,23,0.5,1,1,0,22,22,25.0,0.0,550.0
2022-07-19,2022-07,Mar,False,False,Vadapav,Fastfood,20.0,7.0,0,2.0,3,0,3,0,3,0.0,21.0,0.0
2022-07-20,2022-07,Mié,False,False,Aalopuri,Fastfood,20.0,7.0,0,0.5,1,0,1,0,1,0.0,7.0,0.0
2022-07-20,2022-07,Mié,False,False,Cold coffee,Beverages,40.0,14.0,0,3.5,4,0,4,0,4,0.0,56.0,0.0
2022-07-20,2022-07,Mié,False,False,Frankie,Fastfood,50.0,17.5,6,0.0,0,0,0,6,6,0.0,0.0,300.0
2022-07-20,2022-07,Mié,False,False,Panipuri,Fastfood,20.0,7.0,3,1.0,2,2,0,1,1,40.0,0.0,20.0
2022-07-20,2022-07,Mié,False,False,Sandwich,Fastfood,60.0,21.0,0,0.25,1,0,1,0,1,0.0,21.0,0.0
2022-07-20,2022-07,Mié,False,False,Sugarcane juice,Beverages,25.0,8.75,0,6.75,8,0,8,0,8,0.0,70.0,0.0
2022-07-20,2022-07,Mié,False,False,Vadapav,Fastfood,20.0,7.0,0,0.0,0,0,0,0,0,0.0,0.0,0.0
2022-07-21,2022-07,Jue,False,False,Aalopuri,Fastfood,20.0,7.0,0,0.0,0,0,0,0,0,0.0,0.0,0.0
2022-07-21,2022-07,Jue,False,False,Cold coffee,Beverages,40.0,14.0,0,2.5,3,0,3,0,3,0.0,42.0,0.0
2022-07-21,2022-07,Jue,False,False,Frankie,Fastfood,50.0,17.5,0,5.0,6,0,6,0,6,0.0,105.0,0.0
2022-07-21,2022-07,Jue,False,False,Panipuri,Fastfood,20.0,7.0,12,2.0,3,3,0,9,9,60.0,0.0,180.0
2022-07-21,2022-07,Jue,False,False,Sandwich,Fastfood,60.0,21.0,7,7.25,8,7,1,0,1,420.0,21.0,0.0
2022-07-21,2022-07,Jue,False,False,Sugarcane juice,Beverages,25.0,8.75,4,4.75,6,4,2,0,2,100.0,17.5,0.0
2022-07-21,2022-07,Jue,False,False,Vadapav,Fastfood,20.0,7.0,0,1.5,2,0,2,0,2,0.0,14.0,0.0
2022-07-22,2022-07,Vie,False,False,Aalopuri,Fastfood,20.0,7.0,1,0.0,0,0,0,1,1,0.0,0.0,20.0
2022-07-22,2022-07,Vie,False,False,Cold coffee,Beverages,40.0,14.0,0,4.75,6,0,6,0,6,0.0,84.0,0.0
2022-07-22,2022-07,Vie,False,False,Frankie,Fastfood,50.0,17.5,0,3.0,4,0,4,0,4,0.0,70.0,0.0
2022-07-22,2022-07,Vie,False,False,Panipuri,Fastfood,20.0,7.0,0,7.25,8,0,8,0,8,0.0,56.0,0.0
2022-07-22,2022-07,Vie,False,False,Sandwich,Fastfood,60.0,21.0,0,0.0,0,0,0,0,0,0.0,0.0,0.0
2022-07-22,2022-07,Vie,False,False,Sugarcane juice,Beverages,25.0,8.75,5,1.75,2,2,0,3,3,50.0,0.0,75.0
2022-07-22,2022-07,Vie,False,False,Vadapav,Fastfood,20.0,7.0,0,2.75,4,0,4,0,4,0.0,28.0,0.0
2022-07-23,2022-07,Sáb,True,False,Aalopuri,Fastfood,20.0,7.0,0,2.0,3,0,3,0,3,0.0,21.0,0.0
2022-07-23,2022-07,Sáb,True,False,Cold coffee,Beverages,40.0,14.0,0,5.25,6,0,6,0,6,0.0,84.0,0.0
2022-07-23,2022-07,Sáb,True,False,Frankie,Fastfood,50.0,17.5,0,2.5,3,0,3,0,3,0.0,52.5,0.0
2022-07-23,2022-07,Sáb,True,False,Panipuri,Fastfood,20.0,7.0,0,3.75,5,0,5,0,5,0.0,35.0,0.0
2022-07-23,2022-07,Sáb,True,False,Sandwich,Fastfood,60.0,21.0,0,0.75,1,0,1,0,1,0.0,21.0,0.0
2022-07-23,2022-07,Sáb,True,False,Sugarcane juice,Beverages,25.0,8.75,0,7.5,9,0,9,0,9,0.0,78.75,0.0
2022-07-23,2022-07,Sáb,True,False,Vadapav,Fastfood,20.0,7.0,10,2.0,3,3,0,7,7,60.0,0.0,140.0
2022-07-24,2022-07,Dom,True,False,Aalopuri,Fastfood,20.0,7.0,12,10.0,11,11,0,1,1,220.0,0.0,20.0
2022-07-24,2022-07,Dom,True,False,Cold coffee,Beverages,40.0,14.0,0,0.5,1,0,1,0,1,0.0,14.0,0.0
2022-07-24,2022-07,Dom,True,False,Frankie,Fastfood,50.0,17.5,10,5.25,6,6,0,4,4,300.0,0.0,200.0
2022-07-24,2022-07,Dom,True,False,Panipuri,Fastfood,20.0,7.0,0,2.25,3,0,3,0,3,0.0,21.0,0.0
2022-07-24,2022-07,Dom,True,False,Sandwich,Fastfood,60.0,21.0,0,2.25,3,0,3,0,3,0.0,63.0,0.0
2022-07-24,2022-07,Dom,True,False,Sugarcane juice,Beverages,25.0,8.75,0,4.75,6,0,6,0,6,0.0,52.5,0.0
2022-07-24,2022-07,Dom,True,False,Vadapav,Fastfood,20.0,7.0,0,3.0,4,0,4,0,4,0.0,28.0,0.0
2022-07-25,2022-07,Lun,False,False,Aalopuri,Fastfood,20.0,7.0,4,2.0,3,3,0,1,1,60.0,0.0,20.0
2022-07-25,2022-07,Lun,False,False,Cold coffee,Beverages,40.0,14.0,0,0.0,0,0,0,0,0,0.0,0.0,0.0
2022-07-25,2022-07,Lun,False,False,Frankie,Fastfood,50.0,17.5,0,2.5,3,0,3,0,3,0.0,52.5,0.0
2022-07-25,2022-07,Lun,False,False,Panipuri,Fastfood,20.0,7.0,0,0.0,0,0,0,0,0,0.0,0.0,0.0
2022-07-25,2022-07,Lun,False,False,Sandwich,Fastfood,60.0,21.0,9,8.75,10,9,1,0,1,540.0,21.0,0.0
2022-07-25,2022-07,Lun,False,False,Sugarcane juice,Beverages,25.0,8.75,0,7.0,8,0,8,0,8,0.0,70.0,0.0
2022-07-25,2022-07,Lun,False,False,Vadapav,Fastfood,20.0,7.0,0,5.0,6,0,6,0,6,0.0,42.0,0.0
2022-07-26,2022-07,Mar,False,False,Aalopuri,Fastfood,20.0,7.0,13,0.75,1,1,0,12,12,20.0,0.0,240.0
2022-07-26,2022-07,Mar,False,False,Cold coffee,Beverages,40.0,14.0,0,0.0,0,0,0,0,0,0.0,0.0,0.0
2022-07-26,2022-07,Mar,False,False,Frankie,Fastfood,50.0,17.5,0,7.25,8,0,8,0,8,0.0,140.0,0.0
2022-07-26,2022-07,Mar,False,False,Panipuri,Fastfood,20.0,7.0,13,3.75,5,5,0,8,8,100.0,0.0,160.0
2022-07-26,2022-07,Mar,False,False,Sandwich,Fastfood,60.0,21.0,9,0.0,0,0,0,9,9,0.0,0.0,540.0
2022-07-26,2022-07,Mar,False,False,Sugarcane juice,Beverages,25.0,8.75,0,6.25,7,0,7,0,7,0.0,61.25,0.0
2022-07-26,2022-07,Mar,False,False,Vadapav,Fastfood,20.0,7.0,0,2.0,3,0,3,0,3,0.0,21.0,0.0
2022-07-27,2022-07,Mié,False,False,Aalopuri,Fastfood,20.0,7.0,4,0.5,1,1,0,3,3,20.0,0.0,60.0
2022-07-27,2022-07,Mié,False,False,Cold coffee,Beverages,40.0,14.0,0,3.5,4,0,4,0,4,0.0,56.0,0.0
2022-07-27,2022-07,Mié,False,False,Frankie,Fastfood,50.0,17.5,0,1.5,2,0,2,0,2,0.0,35.0,0.0
2022-07-27,2022-07,Mié,False,False,Panipuri,Fastfood,20.0,7.0,16,0.75,1,1,0,15,15,20.0,0.0,300.0
2022-07-27,2022-07,Mié,False,False,Sandwich,Fastfood,60.0,21.0,8,0.25,1,1,0,7,7,60.0,0.0,420.0
2022-07-27,2022-07,Mié,False,False,Sugarcane juice,Beverages,25.0,8.75,0,3.0,4,0,4,0,4,0.0,35.0,0.0
2022-07-27,2022-07,Mié,False,False,Vadapav,Fastfood,20.0,7.0,6,0.0,0,0,0,6,6,0.0,0.0,120.0
2022-07-28,2022-07,Jue,False,False,Aalopuri,Fastfood,20.0,7.0,0,0.0,0,0,0,0,0,0.0,0.0,0.0
2022-07-28,2022-07,Jue,False,False,Cold coffee,Beverages,40.0,14.0,0,2.5,3,0,3,0,3,0.0,42.0,0.0
2022-07-28,2022-07,Jue,False,False,Frankie,Fastfood,50.0,17.5,0,5.0,6,0,6,0,6,0.0,105.0,0.0
2022-07-28,2022-07,Jue,False,False,Panipuri,Fastfood,20.0,7.0,0,5.0,6,0,6,0,6,0.0,42.0,0.0
2022-07-28,2022-07,Jue,False,False,Sandwich,Fastfood,60.0,21.0,0,9.0,10,0,10,0,10,0.0,210.0,0.0
2022-07-28,2022-07,Jue,False,False,Sugarcane juice,Beverages,25.0,8.75,0,5.75,7,0,7,0,7,0.0,61.25,0.0
2022-07-28,2022-07,Jue,False,False,Vadapav,Fastfood,20.0,7.0,0,1.5,2,0,2,0,2,0.0,14.0,0.0
2022-07-29,2022-07,Vie,False,False,Aalopuri,Fastfood,20.0,7.0,0,0.25,1,0,1,0,1,0.0,7.0,0.0
2022-07-29,2022-07,Vie,False,False,Cold coffee,Beverages,40.0,14.0,0,4.75,6,0,6,0,6,0.0,84.0,0.0
2022-07-29,2022-07,Vie,False,False,Frankie,Fastfood,50.0,17.5,5,1.25,2,2,0,3,3,100.0,0.0,150.0
2022-07-29,2022-07,Vie,False,False,Panipuri,Fastfood,20.0,7.0,5,5.0,6,5,1,0,1,100.0,7.0,0.0
2022-07-29,2022-07,Vie,False,False,Sandwich,Fastfood,60.0,21.0,0,0.0,0,0,0,0,0,0.0,0.0,0.0
2022-07-29,2022-07,Vie,False,False,Sugarcane juice,Beverages,25.0,8.75,0,3.0,4,0,4,0,4,0.0,35.0,0.0
2022-07-29,2022-07,Vie,False,False,Vadapav,Fastfood,20.0,7.0,0,2.75,4,0,4,0,4,0.0,28.0,0.0
2022-07-30,2022-07,Sáb,True,False,Aalopuri,Fastfood,20.0,7.0,9,1.5,2,2,0,7,7,40.0,0.0,140.0
2022-07-30,2022-07,Sáb,True,False,Cold coffee,Beverages,40.0,14.0,0,5.25,6,0,6,0,6,0.0,84.0,0.0
2022-07-30,2022-07,Sáb,True,False,Frankie,Fastfood,50.0,17.5,0,0.0,0,0,0,0,0,0.0,0.0,0.0
2022-07-30,2022-07,Sáb,True,False,Panipuri,Fastfood,20.0,7.0,12,3.75,5,5,0,7,7,100.0,0.0,140.0
2022-07-30,2022-07,Sáb,True,False,Sandwich,Fastfood,60.0,21.0,0,0.0,0,0,0,0,0,0.0,0.0,0.0
2022-07-30,2022-07,Sáb,True,False,Sugarcane juice,Beverages,25.0,8.75,7,2.75,4,4,0,3,3,100.0,0.0,75.0
2022-07-30,2022-07,Sáb,True,False,Vadapav,Fastfood,20.0,7.0,0,4.5,5,0,5,0,5,0.0,35.0,0.0
2022-07-31,2022-07,Dom,True,True,Aalopuri,Fastfood,20.0,7.0,0,9.25,11,0,11,0,11,0.0,77.0,0.0
2022-07-31,2022-07,Dom,True,True,Cold coffee,Beverages,40.0,14.0,9,0.5,1,1,0,8,8,40.0,0.0,320.0
2022-07-31,2022-07,Dom,True,True,Frankie,Fastfood,50.0,17.5,7,7.75,9,7,2,0,2,350.0,35.0,0.0
2022-07-31,2022-07,Dom,True,True,Panipuri,Fastfood,20.0,7.0,5,0.0,0,0,0,5,5,0.0,0.0,100.0
2022-07-31,2022-07,Dom,True,True,Sandwich,Fastfood,60.0,21.0,0,2.25,3,0,3,0,3,0.0,63.0,0.0
2022-07-31,2022-07,Dom,True,True,Sugarcane juice,Beverages,25.0,8.75,0,4.5,5,0,5,0,5,0.0,43.75,0.0
2022-07-31,2022-07,Dom,True,True,Vadapav,Fastfood,20.0,7.0,0,0.0,0,0,0,0,0,0.0,0.0,0.0
2022-08-01,2022-08,Lun,False,True,Aalopuri,Fastfood,20.0,7.0,0,1.0,2,0,2,0,2,0.0,14.0,0.0
2022-08-01,2022-08,Lun,False,True,Cold coffee,Beverages,40.0,14.0,0,0.0,0,0,0,0,0,0.0,0.0,0.0
2022-08-01,2022-08,Lun,False,True,Frankie,Fastfood,50.0,17.5,5,0.0,0,0,0,5,5,0.0,0.0,250.0
2022-08-01,2022-08,Lun,False,True,Panipuri,Fastfood,20.0,7.0,0,0.0,0,0,0,0,0,0.0,0.0,0.0
2022-08-01,2022-08,Lun,False,True,Sandwich,Fastfood,60.0,21.0,0,11.0,13,0,13,0,13,0.0,273.0,0.0
2022-08-01,2022-08,Lun,False,True,Sugarcane juice,Beverages,25.0,8.75,0,7.0,8,0,8,0,8,0.0,70.0,0.0
2022-08-01,2022-08,Lun,False,True,Vadapav,Fastfood,20.0,7.0,0,5.0,6,0,6,0,6,0.0,42.0,0.0
2022-08-02,2022-08,Mar,False,False,Aalopuri,Fastfood,20.0,7.0,0,3.25,4,0,4,0,4,0.0,28.0,0.0
2022-08-02,2022-08,Mar,False,False,Cold coffee,Beverages,40.0,14.0,15,0.0,0,0,0,15,15,0.0,0.0,600.0
2022-08-02,2022-08,Mar,False,False,Frankie,Fastfood,50.0,17.5,0,4.0,5,0,5,0,5,0.0,87.5,0.0
2022-08-02,2022-08,Mar,False,False,Panipuri,Fastfood,20.0,7.0,4,7.0,8,4,4,0,4,80.0,28.0,0.0
2022-08-02,2022-08,Mar,False,False,Sandwich,Fastfood,60.0,21.0,0,2.25,3,0,3,0,3,0.0,63.0,0.0
2022-08-02,2022-08,Mar,False,False,Sugarcane juice,Beverages,25.0,8.75,0,5.75,7,0,7,0,7,0.0,61.25,0.0
2022-08-02,2022-08,Mar,False,False,Vadapav,Fastfood,20.0,7.0,0,2.0,3,0,3,0,3,0.0,21.0,0.0
2022-08-03,2022-08,Mié,False,False,Aalopuri,Fastfood,20.0,7.0,0,1.5,2,0,2,0,2,0.0,14.0,0.0
2022-08-03,2022-08,Mié,False,False,Cold coffee,Beverages,40.0,14.0,0,0.0,0,0,0,0,0,0.0,0.0,0.0
2022-08-03,2022-08,Mié,False,False,Frankie,Fastfood,50.0,17.5,0,1.5,2,0,2,0,2,0.0,35.0,0.0
2022-08-03,2022-08,Mié,False,False,Panipuri,Fastfood,20.0,7.0,0,4.75,6,0,6,0,6,0.0,42.0,0.0
2022-08-03,2022-08,Mié,False,False,Sandwich,Fastfood,60.0,21.0,0,2.25,3,0,3,0,3,0.0,63.0,0.0
2022-08-03,2022-08,Mié,False,False,Sugarcane juice,Beverages,25.0,8.75,7,3.0,4,4,0,3,3,100.0,0.0,75.0
2022-08-03,2022-08,Mié,False,False,Vadapav,Fastfood,20.0,7.0,1,1.5,2,1,1,0,1,20.0,7.0,0.0
2022-08-04,2022-08,Jue,False,False,Aalopuri,Fastfood,20.0,7.0,0,0.0,0,0,0,0,0,0.0,0.0,0.0
2022-08-04,2022-08,Jue,False,False,Cold coffee,Beverages,40.0,14.0,0,2.5,3,0,3,0,3,0.0,42.0,0.0
2022-08-04,2022-08,Jue,False,False,Frankie,Fastfood,50.0,17.5,0,0.0,0,0,0,0,0,0.0,0.0,0.0
2022-08-04,2022-08,Jue,False,False,Panipuri,Fastfood,20.0,7.0,15,3.0,4,4,0,11,11,80.0,0.0,220.0
2022-08-04,2022-08,Jue,False,False,Sandwich,Fastfood,60.0,21.0,0,4.75,6,0,6,0,6,0.0,126.0,0.0
2022-08-04,2022-08,Jue,False,False,Sugarcane juice,Beverages,25.0,8.75,9,2.75,4,4,0,5,5,100.0,0.0,125.0
2022-08-04,2022-08,Jue,False,False,Vadapav,Fastfood,20.0,7.0,0,0.0,0,0,0,0,0,0.0,0.0,0.0
2022-08-05,2022-08,Vie,False,False,Aalopuri,Fastfood,20.0,7.0,0,0.25,1,0,1,0,1,0.0,7.0,0.0
2022-08-05,2022-08,Vie,False,False,Cold coffee,Beverages,40.0,14.0,0,0.0,0,0,0,0,0,0.0,0.0,0.0
2022-08-05,2022-08,Vie,False,False,Frankie,Fastfood,50.0,17.5,0,2.5,3,0,3,0,3,0.0,52.5,0.0
2022-08-05,2022-08,Vie,False,False,Panipuri,Fastfood,20.0,7.0,0,3.75,5,0,5,0,5,0.0,35.0,0.0
2022-08-05,2022-08,Vie,False,False,Sandwich,Fastfood,60.0,21.0,9,0.0,0,0,0,9,9,0.0,0.0,540.0
2022-08-05,2022-08,Vie,False,False,Sugarcane juice,Beverages,25.0,8.75,5,1.25,2,2,0,3,3,50.0,0.0,75.0
2022-08-05,2022-08,Vie,False,False,Vadapav,Fastfood,20.0,7.0,15,1.5,2,2,0,13,13,40.0,0.0,260.0
2022-08-06,2022-08,Sáb,True,False,Aalopuri,Fastfood,20.0,7.0,3,3.75,5,3,2,0,2,60.0,14.0,0.0
2022-08-06,2022-08,Sáb,True,False,Cold coffee,Beverages,40.0,14.0,0,2.5,3,0,3,0,3,0.0,42.0,0.0
2022-08-06,2022-08,Sáb,True,False,Frankie,Fastfood,50.0,17.5,0,0.0,0,0,0,0,0,0.0,0.0,0.0
2022-08-06,2022-08,Sáb,True,False,Panipuri,Fastfood,20.0,7.0,5,3.0,4,4,0,1,1,80.0,0.0,20.0
2022-08-06,2022-08,Sáb,True,False,Sandwich,Fastfood,60.0,21.0,0,0.0,0,0,0,0,0,0.0,0.0,0.0
2022-08-06,2022-08,Sáb,True,False,Sugarcane juice,Beverages,25.0,8.75,0,1.75,2,0,2,0,2,0.0,17.5,0.0
2022-08-06,2022-08,Sáb,True,False,Vadapav,Fastfood,20.0,7.0,0,4.5,5,0,5,0,5,0.0,35.0,0.0
2022-08-07,2022-08,Dom,True,False,Aalopuri,Fastfood,20.0,7.0,0,6.0,7,0,7,0,7,0.0,49.0,0.0
2022-08-07,2022-08,Dom,True,False,Cold coffee,Beverages,40.0,14.0,0,2.25,3,0,3,0,3,0.0,42.0,0.0
2022-08-07,2022-08,Dom,True,False,Frankie,Fastfood,50.0,17.5,0,9.5,11,0,11,0,11,0.0,192.5,0.0
2022-08-07,2022-08,Dom,True,False,Panipuri,Fastfood,20.0,7.0,0,1.25,2,0,2,0,2,0.0,14.0,0.0
2022-08-07,2022-08,Dom,True,False,Sandwich,Fastfood,60.0,21.0,0,1.75,2,0,2,0,2,0.0,42.0,0.0
2022-08-07,2022-08,Dom,True,False,Sugarcane juice,Beverages,25.0,8.75,0,4.5,5,0,5,0,5,0.0,43.75,0.0
2022-08-07,2022-08,Dom,True,False,Vadapav,Fastfood,20.0,7.0,11,0.0,0,0,0,11,11,0.0,0.0,220.0
2022-08-08,2022-08,Lun,False,False,Aalopuri,Fastfood,20.0,7.0,0,1.0,2,0,2,0,2,0.0,14.0,0.0
2022-08-08,2022-08,Lun,False,False,Cold coffee,Beverages,40.0,14.0,12,0.0,0,0,0,12,12,0.0,0.0,480.0
2022-08-08,2022-08,Lun,False,False,Frankie,Fastfood,50.0,17.5,0,1.25,2,0,2,0,2,0.0,35.0,0.0
2022-08-08,2022-08,Lun,False,False,Panipuri,Fastfood,20.0,7.0,5,0.0,0,0,0,5,5,0.0,0.0,100.0
2022-08-08,2022-08,Lun,False,False,Sandwich,Fastfood,60.0,21.0,0,8.5,10,0,10,0,10,0.0,210.0,0.0
2022-08-08,2022-08,Lun,False,False,Sugarcane juice,Beverages,25.0,8.75,0,6.75,8,0,8,0,8,0.0,70.0,0.0
2022-08-08,2022-08,Lun,False,False,Vadapav,Fastfood,20.0,7.0,0,0.0,0,0,0,0,0,0.0,0.0,0.0
2022-08-09,2022-08,Mar,False,False,Aalopuri,Fastfood,20.0,7.0,0,3.25,4,0,4,0,4,0.0,28.0,0.0
2022-08-09,2022-08,Mar,False,False,Cold coffee,Beverages,40.0,14.0,15,3.75,5,5,0,10,10,200.0,0.0,400.0
2022-08-09,2022-08,Mar,False,False,Frankie,Fastfood,50.0,17.5,4,4.0,5,4,1,0,1,200.0,17.5,0.0
2022-08-09,2022-08,Mar,False,False,Panipuri,Fastfood,20.0,7.0,0,4.25,5,0,5,0,5,0.0,35.0,0.0
2022-08-09,2022-08,Mar,False,False,Sandwich,Fastfood,60.0,21.0,10,2.25,3,3,0,7,7,180.0,0.0,420.0
2022-08-09,2022-08,Mar,False,False,Sugarcane juice,Beverages,25.0,8.75,14,5.75,7,7,0,7,7,175.0,0.0,175.0
2022-08-09,2022-08,Mar,False,False,Vadapav,Fastfood,20.0,7.0,0,2.0,3,0,3,0,3,0.0,21.0,0.0
2022-08-10,2022-08,Mié,False,False,Aalopuri,Fastfood,20.0,7.0,0,1.0,2,0,2,0,2,0.0,14.0,0.0
2022-08-10,2022-08,Mié,False,False,Cold coffee,Beverages,40.0,14.0,0,0.0,0,0,0,0,0,0.0,0.0,0.0
2022-08-10,2022-08,Mié,False,False,Frankie,Fastfood,50.0,17.5,0,1.5,2,0,2,0,2,0.0,35.0,0.0
2022-08-10,2022-08,Mié,False,False,Panipuri,Fastfood,20.0,7.0,19,4.75,6,6,0,13,13,120.0,0.0,260.0
2022-08-10,2022-08,Mié,False,False,Sandwich,Fastfood,60.0,21.0,0,2.0,3,0,3,0,3,0.0,63.0,0.0
2022-08-10,2022-08,Mié,False,False,Sugarcane juice,Beverages,25.0,8.75,21,4.75,6,6,0,15,15,150.0,0.0,375.0
2022-08-10,2022-08,Mié,False,False,Vadapav,Fastfood,20.0,7.0,0,1.75,2,0,2,0,2,0.0,14.0,0.0
2022-08-11,2022-08,Jue,False,False,Aalopuri,Fastfood,20.0,7.0,0,0.0,0,0,0,0,0,0.0,0.0,0.0
2022-08-11,2022-08,Jue,False,False,Cold coffee,Beverages,40.0,14.0,0,0.0,0,0,0,0,0,0.0,0.0,0.0
2022-08-11,2022-08,Jue,False,False,Frankie,Fastfood,50.0,17.5,0,0.0,0,0,0,0,0,0.0,0.0,0.0
2022-08-11,2022-08,Jue,False,False,Panipuri,Fastfood,20.0,7.0,0,6.75,8,0,8,0,8,0.0,56.0,0.0
2022-08-11,2022-08,Jue,False,False,Sandwich,Fastfood,60.0,21.0,0,4.75,6,0,6,0,6,0.0,126.0,0.0
2022-08-11,2022-08,Jue,False,False,Sugarcane juice,Beverages,25.0,8.75,0,5.0,6,0,6,0,6,0.0,52.5,0.0
2022-08-11,2022-08,Jue,False,False,Vadapav,Fastfood,20.0,7.0,0,0.0,0,0,0,0,0,0.0,0.0,0.0
2022-08-12,2022-08,Vie,False,False,Aalopuri,Fastfood,20.0,7.0,0,0.25,1,0,1,0,1,0.0,7.0,0.0
2022-08-12,2022-08,Vie,False,False,Cold coffee,Beverages,40.0,14.0,0,0.0,0,0,0,0,0,0.0,0.0,0.0
2022-08-12,2022-08,Vie,False,False,Frankie,Fastfood,50.0,17.5,15,1.25,2,2,0,13,13,100.0,0.0,650.0
2022-08-12,2022-08,Vie,False,False,Panipuri,Fastfood,20.0,7.0,0,1.25,2,0,2,0,2,0.0,14.0,0.0
2022-08-12,2022-08,Vie,False,False,Sandwich,Fastfood,60.0,21.0,6,2.25,3,3,0,3,3,180.0,0.0,180.0
2022-08-12,2022-08,Vie,False,False,Sugarcane juice,Beverages,25.0,8.75,15,2.5,3,3,0,12,12,75.0,0.0,300.0
2022-08-12,2022-08,Vie,False,False,Vadapav,Fastfood,20.0,7.0,0,5.25,6,0,6,0,6,0.0,42.0,0.0
2022-08-13,2022-08,Sáb,True,False,Aalopuri,Fastfood,20.0,7.0,0,4.25,5,0,5,0,5,0.0,35.0,0.0
2022-08-13,2022-08,Sáb,True,False,Cold coffee,Beverages,40.0,14.0,0,2.5,3,0,3,0,3,0.0,42.0,0.0
2022-08-13,2022-08,Sáb,True,False,Frankie,Fastfood,50.0,17.5,10,0.0,0,0,0,10,10,0.0,0.0,500.0
2022-08-13,2022-08,Sáb,True,False,Panipuri,Fastfood,20.0,7.0,12,4.25,5,5,0,7,7,100.0,0.0,140.0
2022-08-13,2022-08,Sáb,True,False,Sandwich,Fastfood,60.0,21.0,0,0.0,0,0,0,0,0,0.0,0.0,0.0
2022-08-13,2022-08,Sáb,True,False,Sugarcane juice,Beverages,25.0,8.75,7,1.75,2,2,0,5,5,50.0,0.0,125.0
2022-08-13,2022-08,Sáb,True,False,Vadapav,Fastfood,20.0,7.0,6,2.5,3,3,0,3,3,60.0,0.0,60.0
2022-08-14,2022-08,Dom,True,False,Aalopuri,Fastfood,20.0,7.0,10,6.0,7,7,0,3,3,140.0,0.0,60.0
2022-08-14,2022-08,Dom,True,False,Cold coffee,Beverages,40.0,14.0,7,2.25,3,3,0,4,4,120.0,0.0,160.0
2022-08-14,2022-08,Dom,True,False,Frankie,Fastfood,50.0,17.5,0,5.75,7,0,7,0,7,0.0,122.5,0.0
2022-08-14,2022-08,Dom,True,False,Panipuri,Fastfood,20.0,7.0,11,1.25,2,2,0,9,9,40.0,0.0,180.0
2022-08-14,2022-08,Dom,True,False,Sandwich,Fastfood,60.0,21.0,15,0.0,0,0,0,15,15,0.0,0.0,900.0
2022-08-14,2022-08,Dom,True,False,Sugarcane juice,Beverages,25.0,8.75,0,3.25,4,0,4,0,4,0.0,35.0,0.0
2022-08-14,2022-08,Dom,True,False,Vadapav,Fastfood,20.0,7.0,0,2.75,4,0,4,0,4,0.0,28.0,0.0
2022-08-15,2022-08,Lun,False,True,Aalopuri,Fastfood,20.0,7.0,0,1.0,2,0,2,0,2,0.0,14.0,0.0
2022-08-15,2022-08,Lun,False,True,Cold coffee,Beverages,40.0,14.0,10,3.0,4,4,0,6,6,160.0,0.0,240.0
2022-08-15,2022-08,Lun,False,True,Frankie,Fastfood,50.0,17.5,0,1.25,2,0,2,0,2,0.0,35.0,0.0
2022-08-15,2022-08,Lun,False,True,Panipuri,Fastfood,20.0,7.0,20,1.25,2,2,0,18,18,40.0,0.0,360.0
2022-08-15,2022-08,Lun,False,True,Sandwich,Fastfood,60.0,21.0,0,2.25,3,0,3,0,3,0.0,63.0,0.0
2022-08-15,2022-08,Lun,False,True,Sugarcane juice,Beverages,25.0,8.75,6,6.75,8,6,2,0,2,150.0,17.5,0.0
2022-08-15,2022-08,Lun,False,True,Vadapav,Fastfood,20.0,7.0,6,0.0,0,0,0,6,6,0.0,0.0,120.0
2022-08-16,2022-08,Mar,False,True,Aalopuri,Fastfood,20.0,7.0,11,3.25,4,4,0,7,7,80.0,0.0,140.0
2022-08-16,2022-08,Mar,False,True,Cold coffee,Beverages,40.0,14.0,9,7.5,9,9,0,0,0,360.0,0.0,0.0
2022-08-16,2022-08,Mar,False,True,Frankie,Fastfood,50.0,17.5,0,1.75,2,0,2,0,2,0.0,35.0,0.0
2022-08-16,2022-08,Mar,False,True,Panipuri,Fastfood,20.0,7.0,0,4.25,5,0,5,0,5,0.0,35.0,0.0
2022-08-16,2022-08,Mar,False,True,Sandwich,Fastfood,60.0,21.0,0,4.75,6,0,6,0,6,0.0,126.0,0.0
2022-08-16,2022-08,Mar,False,True,Sugarcane juice,Beverages,25.0,8.75,0,9.25,11,0,11,0,11,0.0,96.25,0.0
2022-08-16,2022-08,Mar,False,True,Vadapav,Fastfood,20.0,7.0,0,0.0,0,0,0,0,0,0.0,0.0,0.0
2022-08-17,2022-08,Mié,False,False,Aalopuri,Fastfood,20.0,7.0,13,1.0,2,2,0,11,11,40.0,0.0,220.0
2022-08-17,2022-08,Mié,False,False,Cold coffee,Beverages,40.0,14.0,0,0.0,0,0,0,0,0,0.0,0.0,0.0
2022-08-17,2022-08,Mié,False,False,Frankie,Fastfood,50.0,17.5,0,1.5,2,0,2,0,2,0.0,35.0,0.0
2022-08-17,2022-08,Mié,False,False,Panipuri,Fastfood,20.0,7.0,19,9.5,11,11,0,8,8,220.0,0.0,160.0
2022-08-17,2022-08,Mié,False,False,Sandwich,Fastfood,60.0,21.0,0,2.0,3,0,3,0,3,0.0,63.0,0.0
2022-08-17,2022-08,Mié,False,False,Sugarcane juice,Beverages,25.0,8.75,0,7.0,8,0,8,0,8,0.0,70.0,0.0
2022-08-17,2022-08,Mié,False,False,Vadapav,Fastfood,20.0,7.0,9,1.75,2,2,0,7,7,40.0,0.0,140.0
2022-08-18,2022-08,Jue,False,False,Aalopuri,Fastfood,20.0,7.0,0,0.0,0,0,0,0,0,0.0,0.0,0.0
2022-08-18,2022-08,Jue,False,False,Cold coffee,Beverages,40.0,14.0,0,0.0,0,0,0,0,0,0.0,0.0,0.0
2022-08-18,2022-08,Jue,False,False,Frankie,Fastfood,50.0,17.5,0,0.0,0,0,0,0,0,0.0,0.0,0.0
2022-08-18,2022-08,Jue,False,False,Panipuri,Fastfood,20.0,7.0,6,6.75,8,6,2,0,2,120.0,14.0,0.0
2022-08-18,2022-08,Jue,False,False,Sandwich,Fastfood,60.0,21.0,0,1.75,2,0,2,0,2,0.0,42.0,0.0
2022-08-18,2022-08,Jue,False,False,Sugarcane juice,Beverages,25.0,8.75,4,3.25,4,4,0,0,0,100.0,0.0,0.0
2022-08-18,2022-08,Jue,False,False,Vadapav,Fastfood,20.0,7.0,0,0.0,0,0,0,0,0,0.0,0.0,0.0
2022-08-19,2022-08,Vie,False,False,Aalopuri,Fastfood,20.0,7.0,3,0.25,1,1,0,2,2,20.0,0.0,40.0
2022-08-19,2022-08,Vie,False,False,Cold coffee,Beverages,40.0,14.0,0,0.0,0,0,0,0,0,0.0,0.0,0.0
2022-08-19,2022-08,Vie,False,False,Frankie,Fastfood,50.0,17.5,0,5.0,6,0,6,0,6,0.0,105.0,0.0
2022-08-19,2022-08,Vie,False,False,Panipuri,Fastfood,20.0,7.0,0,1.25,2,0,2,0,2,0.0,14.0,0.0
2022-08-19,2022-08,Vie,False,False,Sandwich,Fastfood,60.0,21.0,0,3.75,5,0,5,0,5,0.0,105.0,0.0
2022-08-19,2022-08,Vie,False,False,Sugarcane juice,Beverages,25.0,8.75,0,6.25,7,0,7,0,7,0.0,61.25,0.0
2022-08-19,2022-08,Vie,False,False,Vadapav,Fastfood,20.0,7.0,0,3.75,5,0,5,0,5,0.0,35.0,0.0
2022-08-20,2022-08,Sáb,True,False,Aalopuri,Fastfood,20.0,7.0,0,3.0,4,0,4,0,4,0.0,28.0,0.0
2022-08-20,2022-08,Sáb,True,False,Cold coffee,Beverages,40.0,14.0,20,0.0,0,0,0,20,20,0.0,0.0,800.0
2022-08-20,2022-08,Sáb,True,False,Frankie,Fastfood,50.0,17.5,0,2.5,3,0,3,0,3,0.0,52.5,0.0
2022-08-20,2022-08,Sáb,True,False,Panipuri,Fastfood,20.0,7.0,0,7.25,8,0,8,0,8,0.0,56.0,0.0
2022-08-20,2022-08,Sáb,True,False,Sandwich,Fastfood,60.0,21.0,0,0.0,0,0,0,0,0,0.0,0.0,0.0
2022-08-20,2022-08,Sáb,True,False,Sugarcane juice,Beverages,25.0,8.75,0,3.5,4,0,4,0,4,0.0,35.0,0.0
2022-08-20,2022-08,Sáb,True,False,Vadapav,Fastfood,20.0,7.0,3,4.0,5,3,2,0,2,60.0,14.0,0.0
2022-08-21,2022-08,Dom,True,False,Aalopuri,Fastfood,20.0,7.0,12,5.5,7,7,0,5,5,140.0,0.0,100.0
2022-08-21,2022-08,Dom,True,False,Cold coffee,Beverages,40.0,14.0,0,4.0,5,0,5,0,5,0.0,70.0,0.0
2022-08-21,2022-08,Dom,True,False,Frankie,Fastfood,50.0,17.5,0,4.25,5,0,5,0,5,0.0,87.5,0.0
2022-08-21,2022-08,Dom,True,False,Panipuri,Fastfood,20.0,7.0,4,4.0,5,4,1,0,1,80.0,7.0,0.0
2022-08-21,2022-08,Dom,True,False,Sandwich,Fastfood,60.0,21.0,0,3.75,5,0,5,0,5,0.0,105.0,0.0
2022-08-21,2022-08,Dom,True,False,Sugarcane juice,Beverages,25.0,8.75,0,0.0,0,0,0,0,0,0.0,0.0,0.0
2022-08-21,2022-08,Dom,True,False,Vadapav,Fastfood,20.0,7.0,0,2.75,4,0,4,0,4,0.0,28.0,0.0
2022-08-22,2022-08,Lun,False,False,Aalopuri,Fastfood,20.0,7.0,6,1.0,2,2,0,4,4,40.0,0.0,80.0
2022-08-22,2022-08,Lun,False,False,Cold coffee,Beverages,40.0,14.0,0,5.5,7,0,7,0,7,0.0,98.0,0.0
2022-08-22,2022-08,Lun,False,False,Frankie,Fastfood,50.0,17.5,0,1.25,2,0,2,0,2,0.0,35.0,0.0
2022-08-22,2022-08,Lun,False,False,Panipuri,Fastfood,20.0,7.0,11,6.25,7,7,0,4,4,140.0,0.0,80.0
2022-08-22,2022-08,Lun,False,False,Sandwich,Fastfood,60.0,21.0,22,2.25,3,3,0,19,19,180.0,0.0,1140.0
2022-08-22,2022-08,Lun,False,False,Sugarcane juice,Beverages,25.0,8.75,7,1.5,2,2,0,5,5,50.0,0.0,125.0
2022-08-22,2022-08,Lun,False,False,Vadapav,Fastfood,20.0,7.0,0,1.5,2,0,2,0,2,0.0,14.0,0.0
2022-08-23,2022-08,Mar,False,False,Aalopuri,Fastfood,20.0,7.0,0,6.0,7,0,7,0,7,0.0,49.0,0.0
2022-08-23,2022-08,Mar,False,False,Cold coffee,Beverages,40.0,14.0,0,9.75,11,0,11,0,11,0.0,154.0,0.0
2022-08-23,2022-08,Mar,False,False,Frankie,Fastfood,50.0,17.5,0,1.0,2,0,2,0,2,0.0,35.0,0.0
2022-08-23,2022-08,Mar,False,False,Panipuri,Fastfood,20.0,7.0,0,4.25,5,0,5,0,5,0.0,35.0,0.0
2022-08-23,2022-08,Mar,False,False,Sandwich,Fastfood,60.0,21.0,0,4.75,6,0,6,0,6,0.0,126.0,0.0
2022-08-23,2022-08,Mar,False,False,Sugarcane juice,Beverages,25.0,8.75,0,3.5,4,0,4,0,4,0.0,35.0,0.0
2022-08-23,2022-08,Mar,False,False,Vadapav,Fastfood,20.0,7.0,15,0.0,0,0,0,15,15,0.0,0.0,300.0
2022-08-24,2022-08,Mié,False,False,Aalopuri,Fastfood,20.0,7.0,20,4.25,5,5,0,15,15,100.0,0.0,300.0
2022-08-24,2022-08,Mié,False,False,Cold coffee,Beverages,40.0,14.0,8,0.0,0,0,0,8,8,0.0,0.0,320.0
2022-08-24,2022-08,Mié,False,False,Frankie,Fastfood,50.0,17.5,0,0.0,0,0,0,0,0,0.0,0.0,0.0
2022-08-24,2022-08,Mié,False,False,Panipuri,Fastfood,20.0,7.0,10,13.5,15,10,5,0,5,200.0,35.0,0.0
2022-08-24,2022-08,Mié,False,False,Sandwich,Fastfood,60.0,21.0,0,2.0,3,0,3,0,3,0.0,63.0,0.0
2022-08-24,2022-08,Mié,False,False,Sugarcane juice,Beverages,25.0,8.75,0,7.0,8,0,8,0,8,0.0,70.0,0.0
2022-08-24,2022-08,Mié,False,False,Vadapav,Fastfood,20.0,7.0,0,4.0,5,0,5,0,5,0.0,35.0,0.0
2022-08-25,2022-08,Jue,False,False,Aalopuri,Fastfood,20.0,7.0,5,0.0,0,0,0,5,5,0.0,0.0,100.0
2022-08-25,2022-08,Jue,False,False,Cold coffee,Beverages,40.0,14.0,5,0.0,0,0,0,5,5,0.0,0.0,200.0
2022-08-25,2022-08,Jue,False,False,Frankie,Fastfood,50.0,17.5,0,0.0,0,0,0,0,0,0.0,0.0,0.0
2022-08-25,2022-08,Jue,False,False,Panipuri,Fastfood,20.0,7.0,0,5.25,6,0,6,0,6,0.0,42.0,0.0
2022-08-25,2022-08,Jue,False,False,Sandwich,Fastfood,60.0,21.0,0,0.0,0,0,0,0,0,0.0,0.0,0.0
2022-08-25,2022-08,Jue,False,False,Sugarcane juice,Beverages,25.0,8.75,0,3.25,4,0,4,0,4,0.0,35.0,0.0
2022-08-25,2022-08,Jue,False,False,Vadapav,Fastfood,20.0,7.0,0,0.0,0,0,0,0,0,0.0,0.0,0.0
2022-08-26,2022-08,Vie,False,False,Aalopuri,Fastfood,20.0,7.0,0,0.75,1,0,1,0,1,0.0,7.0,0.0
2022-08-26,2022-08,Vie,False,False,Cold coffee,Beverages,40.0,14.0,21,0.0,0,0,0,21,21,0.0,0.0,840.0
2022-08-26,2022-08,Vie,False,False,Frankie,Fastfood,50.0,17.5,0,5.0,6,0,6,0,6,0.0,105.0,0.0
2022-08-26,2022-08,Vie,False,False,Panipuri,Fastfood,20.0,7.0,0,1.25,2,0,2,0,2,0.0,14.0,0.0
2022-08-26,2022-08,Vie,False,False,Sandwich,Fastfood,60.0,21.0,0,3.75,5,0,5,0,5,0.0,105.0,0.0
2022-08-26,2022-08,Vie,False,False,Sugarcane juice,Beverages,25.0,8.75,13,5.0,6,6,0,7,7,150.0,0.0,175.0
2022-08-26,2022-08,Vie,False,False,Vadapav,Fastfood,20.0,7.0,0,3.75,5,0,5,0,5,0.0,35.0,0.0
2022-08-27,2022-08,Sáb,True,False,Aalopuri,Fastfood,20.0,7.0,23,3.0,4,4,0,19,19,80.0,0.0,380.0
2022-08-27,2022-08,Sáb,True,False,Cold coffee,Beverages,40.0,14.0,0,5.0,6,0,6,0,6,0.0,84.0,0.0
2022-08-27,2022-08,Sáb,True,False,Frankie,Fastfood,50.0,17.5,0,2.5,3,0,3,0,3,0.0,52.5,0.0
2022-08-27,2022-08,Sáb,True,False,Panipuri,Fastfood,20.0,7.0,5,7.25,8,5,3,0,3,100.0,21.0,0.0
2022-08-27,2022-08,Sáb,True,False,Sandwich,Fastfood,60.0,21.0,0,0.0,0,0,0,0,0,0.0,0.0,0.0
2022-08-27,2022-08,Sáb,True,False,Sugarcane juice,Beverages,25.0,8.75,6,3.5,4,4,0,2,2,100.0,0.0,50.0
2022-08-27,2022-08,Sáb,True,False,Vadapav,Fastfood,20.0,7.0,5,2.25,3,3,0,2,2,60.0,0.0,40.0
2022-08-28,2022-08,Dom,True,False,Aalopuri,Fastfood,20.0,7.0,0,5.5,7,0,7,0,7,0.0,49.0,0.0
2022-08-28,2022-08,Dom,True,False,Cold coffee,Beverages,40.0,14.0,12,4.0,5,5,0,7,7,200.0,0.0,280.0
2022-08-28,2022-08,Dom,True,False,Frankie,Fastfood,50.0,17.5,0,1.75,2,0,2,0,2,0.0,35.0,0.0
2022-08-28,2022-08,Dom,True,False,Panipuri,Fastfood,20.0,7.0,0,5.0,6,0,6,0,6,0.0,42.0,0.0
2022-08-28,2022-08,Dom,True,False,Sandwich,Fastfood,60.0,21.0,0,3.75,5,0,5,0,5,0.0,105.0,0.0
2022-08-28,2022-08,Dom,True,False,Sugarcane juice,Beverages,25.0,8.75,15,0.0,0,0,0,15,15,0.0,0.0,375.0
2022-08-28,2022-08,Dom,True,False,Vadapav,Fastfood,20.0,7.0,0,2.75,4,0,4,0,4,0.0,28.0,0.0
2022-08-29,2022-08,Lun,False,False,Aalopuri,Fastfood,20.0,7.0,0,1.5,2,0,2,0,2,0.0,14.0,0.0
2022-08-29,2022-08,Lun,False,False,Cold coffee,Beverages,40.0,14.0,0,5.5,7,0,7,0,7,0.0,98.0,0.0
2022-08-29,2022-08,Lun,False,False,Frankie,Fastfood,50.0,17.5,0,1.25,2,0,2,0,2,0.0,35.0,0.0
2022-08-29,2022-08,Lun,False,False,Panipuri,Fastfood,20.0,7.0,0,9.0,10,0,10,0,10,0.0,70.0,0.0
2022-08-29,2022-08,Lun,False,False,Sandwich,Fastfood,60.0,21.0,0,5.5,7,0,7,0,7,0.0,147.0,0.0
2022-08-29,2022-08,Lun,False,False,Sugarcane juice,Beverages,25.0,8.75,0,3.25,4,0,4,0,4,0.0,35.0,0.0
2022-08-29,2022-08,Lun,False,False,Vadapav,Fastfood,20.0,7.0,0,1.5,2,0,2,0,2,0.0,14.0,0.0
2022-08-30,2022-08,Mar,False,False,Aalopuri,Fastfood,20.0,7.0,0,2.75,4,0,4,0,4,0.0,28.0,0.0
2022-08-30,2022-08,Mar,False,False,Cold coffee,Beverages,40.0,14.0,0,9.75,11,0,11,0,11,0.0,154.0,0.0
2022-08-30,2022-08,Mar,False,False,Frankie,Fastfood,50.0,17.5,0,1.0,2,0,2,0,2,0.0,35.0,0.0
2022-08-30,2022-08,Mar,False,False,Panipuri,Fastfood,20.0,7.0,0,1.0,2,0,2,0,2,0.0,14.0,0.0
2022-08-30,2022-08,Mar,False,False,Sandwich,Fastfood,60.0,21.0,6,2.5,3,3,0,3,3,180.0,0.0,180.0
2022-08-30,2022-08,Mar,False,False,Sugarcane juice,Beverages,25.0,8.75,0,3.5,4,0,4,0,4,0.0,35.0,0.0
2022-08-30,2022-08,Mar,False,False,Vadapav,Fastfood,20.0,7.0,14,3.75,5,5,0,9,9,100.0,0.0,180.0
2022-08-31,2022-08,Mié,False,True,Aalopuri,Fastfood,20.0,7.0,0,8.25,10,0,10,0,10,0.0,70.0,0.0
2022-08-31,2022-08,Mié,False,True,Cold coffee,Beverages,40.0,14.0,17,2.0,3,3,0,14,14,120.0,0.0,560.0
2022-08-31,2022-08,Mié,False,True,Frankie,Fastfood,50.0,17.5,0,0.0,0,0,0,0,0,0.0,0.0,0.0
2022-08-31,2022-08,Mié,False,True,Panipuri,Fastfood,20.0,7.0,0,12.0,14,0,14,0,14,0.0,98.0,0.0
2022-08-31,2022-08,Mié,False,True,Sandwich,Fastfood,60.0,21.0,1,0.0,0,0,0,1,1,0.0,0.0,60.0
2022-08-31,2022-08,Mié,False,True,Sugarcane juice,Beverages,25.0,8.75,0,7.0,8,0,8,0,8,0.0,70.0,0.0
2022-08-31,2022-08,Mié,False,True,Vadapav,Fastfood,20.0,7.0,23,2.5,3,3,0,20,20,60.0,0.0,400.0
2022-09-01,2022-09,Jue,False,True,Aalopuri,Fastfood,20.0,7.0,0,1.25,2,0,2,0,2,0.0,14.0,0.0
2022-09-01,2022-09,Jue,False,True,Cold coffee,Beverages,40.0,14.0,0,1.25,2,0,2,0,2,0.0,28.0,0.0
2022-09-01,2022-09,Jue,False,True,Frankie,Fastfood,50.0,17.5,0,0.0,0,0,0,0,0,0.0,0.0,0.0
2022-09-01,2022-09,Jue,False,True,Panipuri,Fastfood,20.0,7.0,2,5.25,6,2,4,0,4,40.0,28.0,0.0
2022-09-01,2022-09,Jue,False,True,Sandwich,Fastfood,60.0,21.0,15,0.0,0,0,0,15,15,0.0,0.0,900.0
2022-09-01,2022-09,Jue,False,True,Sugarcane juice,Beverages,25.0,8.75,0,3.25,4,0,4,0,4,0.0,35.0,0.0
2022-09-01,2022-09,Jue,False,True,Vadapav,Fastfood,20.0,7.0,0,0.0,0,0,0,0,0,0.0,0.0,0.0
2022-09-02,2022-09,Vie,False,False,Aalopuri,Fastfood,20.0,7.0,0,0.75,1,0,1,0,1,0.0,7.0,0.0
2022-09-02,2022-09,Vie,False,False,Cold coffee,Beverages,40.0,14.0,0,5.25,6,0,6,0,6,0.0,84.0,0.0
2022-09-02,2022-09,Vie,False,False,Frankie,Fastfood,50.0,17.5,0,3.75,5,0,5,0,5,0.0,87.5,0.0
2022-09-02,2022-09,Vie,False,False,Panipuri,Fastfood,20.0,7.0,0,0.0,0,0,0,0,0,0.0,0.0,0.0
2022-09-02,2022-09,Vie,False,False,Sandwich,Fastfood,60.0,21.0,0,3.75,5,0,5,0,5,0.0,105.0,0.0
2022-09-02,2022-09,Vie,False,False,Sugarcane juice,Beverages,25.0,8.75,0,8.25,10,0,10,0,10,0.0,87.5,0.0
2022-09-02,2022-09,Vie,False,False,Vadapav,Fastfood,20.0,7.0,0,3.75,5,0,5,0,5,0.0,35.0,0.0
2022-09-03,2022-09,Sáb,True,False,Aalopuri,Fastfood,20.0,7.0,2,6.5,8,2,6,0,6,40.0,42.0,0.0
2022-09-03,2022-09,Sáb,True,False,Cold coffee,Beverages,40.0,14.0,0,5.0,6,0,6,0,6,0.0,84.0,0.0
2022-09-03,2022-09,Sáb,True,False,Frankie,Fastfood,50.0,17.5,0,2.5,3,0,3,0,3,0.0,52.5,0.0
2022-09-03,2022-09,Sáb,True,False,Panipuri,Fastfood,20.0,7.0,0,5.5,7,0,7,0,7,0.0,49.0,0.0
2022-09-03,2022-09,Sáb,True,False,Sandwich,Fastfood,60.0,21.0,0,0.0,0,0,0,0,0,0.0,0.0,0.0
2022-09-03,2022-09,Sáb,True,False,Sugarcane juice,Beverages,25.0,8.75,13,3.25,4,4,0,9,9,100.0,0.0,225.0
2022-09-03,2022-09,Sáb,True,False,Vadapav,Fastfood,20.0,7.0,0,3.5,4,0,4,0,4,0.0,28.0,0.0
2022-09-04,2022-09,Dom,True,False,Aalopuri,Fastfood,20.0,7.0,0,5.5,7,0,7,0,7,0.0,49.0,0.0
2022-09-04,2022-09,Dom,True,False,Cold coffee,Beverages,40.0,14.0,0,4.75,6,0,6,0,6,0.0,84.0,0.0
2022-09-04,2022-09,Dom,True,False,Frankie,Fastfood,50.0,17.5,0,0.0,0,0,0,0,0,0.0,0.0,0.0
2022-09-04,2022-09,Dom,True,False,Panipuri,Fastfood,20.0,7.0,0,3.75,5,0,5,0,5,0.0,35.0,0.0
2022-09-04,2022-09,Dom,True,False,Sandwich,Fastfood,60.0,21.0,13,3.75,5,5,0,8,8,300.0,0.0,480.0
2022-09-04,2022-09,Dom,True,False,Sugarcane juice,Beverages,25.0,8.75,0,3.75,5,0,5,0,5,0.0,43.75,0.0
2022-09-04,2022-09,Dom,True,False,Vadapav,Fastfood,20.0,7.0,0,2.75,4,0,4,0,4,0.0,28.0,0.0
2022-09-05,2022-09,Lun,False,False,Aalopuri,Fastfood,20.0,7.0,0,1.5,2,0,2,0,2,0.0,14.0,0.0
2022-09-05,2022-09,Lun,False,False,Cold coffee,Beverages,40.0,14.0,0,5.5,7,0,7,0,7,0.0,98.0,0.0
2022-09-05,2022-09,Lun,False,False,Frankie,Fastfood,50.0,17.5,0,0.0,0,0,0,0,0,0.0,0.0,0.0
2022-09-05,2022-09,Lun,False,False,Panipuri,Fastfood,20.0,7.0,0,9.0,10,0,10,0,10,0.0,70.0,0.0
2022-09-05,2022-09,Lun,False,False,Sandwich,Fastfood,60.0,21.0,4,5.5,7,4,3,0,3,240.0,63.0,0.0
2022-09-05,2022-09,Lun,False,False,Sugarcane juice,Beverages,25.0,8.75,12,3.25,4,4,0,8,8,100.0,0.0,200.0
2022-09-05,2022-09,Lun,False,False,Vadapav,Fastfood,20.0,7.0,8,1.5,2,2,0,6,6,40.0,0.0,120.0
2022-09-06,2022-09,Mar,False,False,Aalopuri,Fastfood,20.0,7.0,0,2.75,4,0,4,0,4,0.0,28.0,0.0
2022-09-06,2022-09,Mar,False,False,Cold coffee,Beverages,40.0,14.0,7,6.0,7,7,0,0,0,280.0,0.0,0.0
2022-09-06,2022-09,Mar,False,False,Frankie,Fastfood,50.0,17.5,0,1.0,2,0,2,0,2,0.0,35.0,0.0
2022-09-06,2022-09,Mar,False,False,Panipuri,Fastfood,20.0,7.0,0,0.0,0,0,0,0,0,0.0,0.0,0.0
2022-09-06,2022-09,Mar,False,False,Sandwich,Fastfood,60.0,21.0,0,4.0,5,0,5,0,5,0.0,105.0,0.0
2022-09-06,2022-09,Mar,False,False,Sugarcane juice,Beverages,25.0,8.75,0,3.5,4,0,4,0,4,0.0,35.0,0.0
2022-09-06,2022-09,Mar,False,False,Vadapav,Fastfood,20.0,7.0,14,7.25,8,8,0,6,6,160.0,0.0,120.0
2022-09-07,2022-09,Mié,False,False,Aalopuri,Fastfood,20.0,7.0,0,8.25,10,0,10,0,10,0.0,70.0,0.0
2022-09-07,2022-09,Mié,False,False,Cold coffee,Beverages,40.0,14.0,0,6.25,7,0,7,0,7,0.0,98.0,0.0
2022-09-07,2022-09,Mié,False,False,Frankie,Fastfood,50.0,17.5,2,0.0,0,0,0,2,2,0.0,0.0,100.0
2022-09-07,2022-09,Mié,False,False,Panipuri,Fastfood,20.0,7.0,3,12.0,14,3,11,0,11,60.0,77.0,0.0
2022-09-07,2022-09,Mié,False,False,Sandwich,Fastfood,60.0,21.0,13,0.25,1,1,0,12,12,60.0,0.0,720.0
2022-09-07,2022-09,Mié,False,False,Sugarcane juice,Beverages,25.0,8.75,0,5.25,6,0,6,0,6,0.0,52.5,0.0
2022-09-07,2022-09,Mié,False,False,Vadapav,Fastfood,20.0,7.0,0,8.0,9,0,9,0,9,0.0,63.0,0.0
2022-09-08,2022-09,Jue,False,False,Aalopuri,Fastfood,20.0,7.0,0,1.25,2,0,2,0,2,0.0,14.0,0.0
2022-09-08,2022-09,Jue,False,False,Cold coffee,Beverages,40.0,14.0,0,1.25,2,0,2,0,2,0.0,28.0,0.0
2022-09-08,2022-09,Jue,False,False,Frankie,Fastfood,50.0,17.5,19,0.0,0,0,0,19,19,0.0,0.0,950.0
2022-09-08,2022-09,Jue,False,False,Panipuri,Fastfood,20.0,7.0,2,2.0,3,2,1,0,1,40.0,7.0,0.0
2022-09-08,2022-09,Jue,False,False,Sandwich,Fastfood,60.0,21.0,0,3.75,5,0,5,0,5,0.0,105.0,0.0
2022-09-08,2022-09,Jue,False,False,Sugarcane juice,Beverages,25.0,8.75,0,1.0,2,0,2,0,2,0.0,17.5,0.0
2022-09-08,2022-09,Jue,False,False,Vadapav,Fastfood,20.0,7.0,0,0.0,0,0,0,0,0,0.0,0.0,0.0
2022-09-09,2022-09,Vie,False,False,Aalopuri,Fastfood,20.0,7.0,0,0.75,1,0,1,0,1,0.0,7.0,0.0
2022-09-09,2022-09,Vie,False,False,Cold coffee,Beverages,40.0,14.0,1,5.25,6,1,5,0,5,40.0,70.0,0.0
2022-09-09,2022-09,Vie,False,False,Frankie,Fastfood,50.0,17.5,4,3.75,5,4,1,0,1,200.0,17.5,0.0
2022-09-09,2022-09,Vie,False,False,Panipuri,Fastfood,20.0,7.0,0,0.0,0,0,0,0,0,0.0,0.0,0.0
2022-09-09,2022-09,Vie,False,False,Sandwich,Fastfood,60.0,21.0,0,1.5,2,0,2,0,2,0.0,42.0,0.0
2022-09-09,2022-09,Vie,False,False,Sugarcane juice,Beverages,25.0,8.75,4,7.0,8,4,4,0,4,100.0,35.0,0.0
2022-09-09,2022-09,Vie,False,False,Vadapav,Fastfood,20.0,7.0,0,0.0,0,0,0,0,0,0.0,0.0,0.0
2022-09-10,2022-09,Sáb,True,False,Aalopuri,Fastfood,20.0,7.0,0,6.25,7,0,7,0,7,0.0,49.0,0.0
2022-09-10,2022-09,Sáb,True,False,Cold coffee,Beverages,40.0,14.0,0,5.0,6,0,6,0,6,0.0,84.0,0.0
2022-09-10,2022-09,Sáb,True,False,Frankie,Fastfood,50.0,17.5,0,2.5,3,0,3,0,3,0.0,52.5,0.0
2022-09-10,2022-09,Sáb,True,False,Panipuri,Fastfood,20.0,7.0,0,4.25,5,0,5,0,5,0.0,35.0,0.0
2022-09-10,2022-09,Sáb,True,False,Sandwich,Fastfood,60.0,21.0,0,0.0,0,0,0,0,0,0.0,0.0,0.0
2022-09-10,2022-09,Sáb,True,False,Sugarcane juice,Beverages,25.0,8.75,2,6.5,8,2,6,0,6,50.0,52.5,0.0
2022-09-10,2022-09,Sáb,True,False,Vadapav,Fastfood,20.0,7.0,0,3.5,4,0,4,0,4,0.0,28.0,0.0
2022-09-11,2022-09,Dom,True,False,Aalopuri,Fastfood,20.0,7.0,2,5.5,7,2,5,0,5,40.0,35.0,0.0
2022-09-11,2022-09,Dom,True,False,Cold coffee,Beverages,40.0,14.0,0,4.75,6,0,6,0,6,0.0,84.0,0.0
2022-09-11,2022-09,Dom,True,False,Frankie,Fastfood,50.0,17.5,0,0.0,0,0,0,0,0,0.0,0.0,0.0
2022-09-11,2022-09,Dom,True,False,Panipuri,Fastfood,20.0,7.0,1,3.75,5,1,4,0,4,20.0,28.0,0.0
2022-09-11,2022-09,Dom,True,False,Sandwich,Fastfood,60.0,21.0,6,7.0,8,6,2,0,2,360.0,42.0,0.0
2022-09-11,2022-09,Dom,True,False,Sugarcane juice,Beverages,25.0,8.75,3,3.75,5,3,2,0,2,75.0,17.5,0.0
2022-09-11,2022-09,Dom,True,False,Vadapav,Fastfood,20.0,7.0,0,0.0,0,0,0,0,0,0.0,0.0,0.0
2022-09-12,2022-09,Lun,False,False,Aalopuri,Fastfood,20.0,7.0,0,1.5,2,0,2,0,2,0.0,14.0,0.0
2022-09-12,2022-09,Lun,False,False,Cold coffee,Beverages,40.0,14.0,0,2.5,3,0,3,0,3,0.0,42.0,0.0
2022-09-12,2022-09,Lun,False,False,Frankie,Fastfood,50.0,17.5,0,0.0,0,0,0,0,0,0.0,0.0,0.0
2022-09-12,2022-09,Lun,False,False,Panipuri,Fastfood,20.0,7.0,0,7.75,9,0,9,0,9,0.0,63.0,0.0
2022-09-12,2022-09,Lun,False,False,Sandwich,Fastfood,60.0,21.0,0,6.5,8,0,8,0,8,0.0,168.0,0.0
2022-09-12,2022-09,Lun,False,False,Sugarcane juice,Beverages,25.0,8.75,23,6.25,7,7,0,16,16,175.0,0.0,400.0
2022-09-12,2022-09,Lun,False,False,Vadapav,Fastfood,20.0,7.0,0,3.5,4,0,4,0,4,0.0,28.0,0.0
2022-09-13,2022-09,Mar,False,False,Aalopuri,Fastfood,20.0,7.0,0,2.75,4,0,4,0,4,0.0,28.0,0.0
2022-09-13,2022-09,Mar,False,False,Cold coffee,Beverages,40.0,14.0,0,4.0,5,0,5,0,5,0.0,70.0,0.0
2022-09-13,2022-09,Mar,False,False,Frankie,Fastfood,50.0,17.5,0,0.0,0,0,0,0,0,0.0,0.0,0.0
2022-09-13,2022-09,Mar,False,False,Panipuri,Fastfood,20.0,7.0,0,0.0,0,0,0,0,0,0.0,0.0,0.0
2022-09-13,2022-09,Mar,False,False,Sandwich,Fastfood,60.0,21.0,0,1.5,2,0,2,0,2,0.0,42.0,0.0
2022-09-13,2022-09,Mar,False,False,Sugarcane juice,Beverages,25.0,8.75,0,0.0,0,0,0,0,0,0.0,0.0,0.0
2022-09-13,2022-09,Mar,False,False,Vadapav,Fastfood,20.0,7.0,0,10.75,12,0,12,0,12,0.0,84.0,0.0
2022-09-14,2022-09,Mié,False,False,Aalopuri,Fastfood,20.0,7.0,15,8.25,10,10,0,5,5,200.0,0.0,100.0
2022-09-14,2022-09,Mié,False,False,Cold coffee,Beverages,40.0,14.0,13,6.25,7,7,0,6,6,280.0,0.0,240.0
2022-09-14,2022-09,Mié,False,False,Frankie,Fastfood,50.0,17.5,0,0.5,1,0,1,0,1,0.0,17.5,0.0
2022-09-14,2022-09,Mié,False,False,Panipuri,Fastfood,20.0,7.0,12,8.0,9,9,0,3,3,180.0,0.0,60.0
2022-09-14,2022-09,Mié,False,False,Sandwich,Fastfood,60.0,21.0,0,3.5,4,0,4,0,4,0.0,84.0,0.0
2022-09-14,2022-09,Mié,False,False,Sugarcane juice,Beverages,25.0,8.75,0,0.0,0,0,0,0,0,0.0,0.0,0.0
2022-09-14,2022-09,Mié,False,False,Vadapav,Fastfood,20.0,7.0,30,8.0,9,9,0,21,21,180.0,0.0,420.0
2022-09-15,2022-09,Jue,False,True,Aalopuri,Fastfood,20.0,7.0,9,1.25,2,2,0,7,7,40.0,0.0,140.0
2022-09-15,2022-09,Jue,False,True,Cold coffee,Beverages,40.0,14.0,10,1.25,2,2,0,8,8,80.0,0.0,320.0
2022-09-15,2022-09,Jue,False,True,Frankie,Fastfood,50.0,17.5,0,4.75,6,0,6,0,6,0.0,105.0,0.0
2022-09-15,2022-09,Jue,False,True,Panipuri,Fastfood,20.0,7.0,0,2.5,3,0,3,0,3,0.0,21.0,0.0
2022-09-15,2022-09,Jue,False,True,Sandwich,Fastfood,60.0,21.0,0,3.75,5,0,5,0,5,0.0,105.0,0.0
2022-09-15,2022-09,Jue,False,True,Sugarcane juice,Beverages,25.0,8.75,4,1.0,2,2,0,2,2,50.0,0.0,50.0
2022-09-15,2022-09,Jue,False,True,Vadapav,Fastfood,20.0,7.0,0,0.0,0,0,0,0,0,0.0,0.0,0.0
2022-09-16,2022-09,Vie,False,True,Aalopuri,Fastfood,20.0,7.0,0,0.75,1,0,1,0,1,0.0,7.0,0.0
2022-09-16,2022-09,Vie,False,True,Cold coffee,Beverages,40.0,14.0,0,5.5,7,0,7,0,7,0.0,98.0,0.0
2022-09-16,2022-09,Vie,False,True,Frankie,Fastfood,50.0,17.5,0,1.0,2,0,2,0,2,0.0,35.0,0.0
2022-09-16,2022-09,Vie,False,True,Panipuri,Fastfood,20.0,7.0,5,0.0,0,0,0,5,5,0.0,0.0,100.0
2022-09-16,2022-09,Vie,False,True,Sandwich,Fastfood,60.0,21.0,0,0.0,0,0,0,0,0,0.0,0.0,0.0
2022-09-16,2022-09,Vie,False,True,Sugarcane juice,Beverages,25.0,8.75,0,4.25,5,0,5,0,5,0.0,43.75,0.0
2022-09-16,2022-09,Vie,False,True,Vadapav,Fastfood,20.0,7.0,2,0.0,0,0,0,2,2,0.0,0.0,40.0
2022-09-17,2022-09,Sáb,True,False,Aalopuri,Fastfood,20.0,7.0,6,6.25,7,6,1,0,1,120.0,7.0,0.0
2022-09-17,2022-09,Sáb,True,False,Cold coffee,Beverages,40.0,14.0,0,5.0,6,0,6,0,6,0.0,84.0,0.0
2022-09-17,2022-09,Sáb,True,False,Frankie,Fastfood,50.0,17.5,0,0.0,0,0,0,0,0,0.0,0.0,0.0
2022-09-17,2022-09,Sáb,True,False,Panipuri,Fastfood,20.0,7.0,0,1.25,2,0,2,0,2,0.0,14.0,0.0
2022-09-17,2022-09,Sáb,True,False,Sandwich,Fastfood,60.0,21.0,12,0.0,0,0,0,12,12,0.0,0.0,720.0
2022-09-17,2022-09,Sáb,True,False,Sugarcane juice,Beverages,25.0,8.75,0,5.25,6,0,6,0,6,0.0,52.5,0.0
2022-09-17,2022-09,Sáb,True,False,Vadapav,Fastfood,20.0,7.0,0,2.0,3,0,3,0,3,0.0,21.0,0.0
2022-09-18,2022-09,Dom,True,False,Aalopuri,Fastfood,20.0,7.0,15,3.5,4,4,0,11,11,80.0,0.0,220.0
2022-09-18,2022-09,Dom,True,False,Cold coffee,Beverages,40.0,14.0,0,3.0,4,0,4,0,4,0.0,56.0,0.0
2022-09-18,2022-09,Dom,True,False,Frankie,Fastfood,50.0,17.5,8,0.0,0,0,0,8,8,0.0,0.0,400.0
2022-09-18,2022-09,Dom,True,False,Panipuri,Fastfood,20.0,7.0,0,1.25,2,0,2,0,2,0.0,14.0,0.0
2022-09-18,2022-09,Dom,True,False,Sandwich,Fastfood,60.0,21.0,0,4.75,6,0,6,0,6,0.0,126.0,0.0
2022-09-18,2022-09,Dom,True,False,Sugarcane juice,Beverages,25.0,8.75,0,4.5,5,0,5,0,5,0.0,43.75,0.0
2022-09-18,2022-09,Dom,True,False,Vadapav,Fastfood,20.0,7.0,5,0.0,0,0,0,5,5,0.0,0.0,100.0
2022-09-19,2022-09,Lun,False,False,Aalopuri,Fastfood,20.0,7.0,0,1.5,2,0,2,0,2,0.0,14.0,0.0
2022-09-19,2022-09,Lun,False,False,Cold coffee,Beverages,40.0,14.0,13,0.0,0,0,0,13,13,0.0,0.0,520.0
2022-09-19,2022-09,Lun,False,False,Frankie,Fastfood,50.0,17.5,0,0.0,0,0,0,0,0,0.0,0.0,0.0
2022-09-19,2022-09,Lun,False,False,Panipuri,Fastfood,20.0,7.0,0,2.75,4,0,4,0,4,0.0,28.0,0.0
2022-09-19,2022-09,Lun,False,False,Sandwich,Fastfood,60.0,21.0,0,6.5,8,0,8,0,8,0.0,168.0,0.0
2022-09-19,2022-09,Lun,False,False,Sugarcane juice,Beverages,25.0,8.75,0,10.5,12,0,12,0,12,0.0,105.0,0.0
2022-09-19,2022-09,Lun,False,False,Vadapav,Fastfood,20.0,7.0,1,2.0,3,1,2,0,2,20.0,14.0,0.0
2022-09-20,2022-09,Mar,False,False,Aalopuri,Fastfood,20.0,7.0,0,0.0,0,0,0,0,0,0.0,0.0,0.0
2022-09-20,2022-09,Mar,False,False,Cold coffee,Beverages,40.0,14.0,0,1.75,2,0,2,0,2,0.0,28.0,0.0
2022-09-20,2022-09,Mar,False,False,Frankie,Fastfood,50.0,17.5,13,0.0,0,0,0,13,13,0.0,0.0,650.0
2022-09-20,2022-09,Mar,False,False,Panipuri,Fastfood,20.0,7.0,0,0.0,0,0,0,0,0,0.0,0.0,0.0
2022-09-20,2022-09,Mar,False,False,Sandwich,Fastfood,60.0,21.0,21,1.5,2,2,0,19,19,120.0,0.0,1140.0
2022-09-20,2022-09,Mar,False,False,Sugarcane juice,Beverages,25.0,8.75,0,0.0,0,0,0,0,0,0.0,0.0,0.0
2022-09-20,2022-09,Mar,False,False,Vadapav,Fastfood,20.0,7.0,0,10.75,12,0,12,0,12,0.0,84.0,0.0
2022-09-21,2022-09,Mié,False,False,Aalopuri,Fastfood,20.0,7.0,9,8.75,10,9,1,0,1,180.0,7.0,0.0
2022-09-21,2022-09,Mié,False,False,Cold coffee,Beverages,40.0,14.0,18,9.5,11,11,0,7,7,440.0,0.0,280.0
2022-09-21,2022-09,Mié,False,False,Frankie,Fastfood,50.0,17.5,0,0.5,1,0,1,0,1,0.0,17.5,0.0
2022-09-21,2022-09,Mié,False,False,Panipuri,Fastfood,20.0,7.0,14,6.25,7,7,0,7,7,140.0,0.0,140.0
2022-09-21,2022-09,Mié,False,False,Sandwich,Fastfood,60.0,21.0,9,3.5,4,4,0,5,5,240.0,0.0,300.0
2022-09-21,2022-09,Mié,False,False,Sugarcane juice,Beverages,25.0,8.75,0,0.0,0,0,0,0,0,0.0,0.0,0.0
2022-09-21,2022-09,Mié,False,False,Vadapav,Fastfood,20.0,7.0,14,13.25,15,14,1,0,1,280.0,7.0,0.0
2022-09-22,2022-09,Jue,False,False,Aalopuri,Fastfood,20.0,7.0,0,3.5,4,0,4,0,4,0.0,28.0,0.0
2022-09-22,2022-09,Jue,False,False,Cold coffee,Beverages,40.0,14.0,0,3.75,5,0,5,0,5,0.0,70.0,0.0
2022-09-22,2022-09,Jue,False,False,Frankie,Fastfood,50.0,17.5,0,4.75,6,0,6,0,6,0.0,105.0,0.0
2022-09-22,2022-09,Jue,False,False,Panipuri,Fastfood,20.0,7.0,8,1.0,2,2,0,6,6,40.0,0.0,120.0
2022-09-22,2022-09,Jue,False,False,Sandwich,Fastfood,60.0,21.0,0,3.75,5,0,5,0,5,0.0,105.0,0.0
2022-09-22,2022-09,Jue,False,False,Sugarcane juice,Beverages,25.0,8.75,12,1.0,2,2,0,10,10,50.0,0.0,250.0
2022-09-22,2022-09,Jue,False,False,Vadapav,Fastfood,20.0,7.0,0,0.0,0,0,0,0,0,0.0,0.0,0.0
2022-09-23,2022-09,Vie,False,False,Aalopuri,Fastfood,20.0,7.0,1,0.0,0,0,0,1,1,0.0,0.0,20.0
2022-09-23,2022-09,Vie,False,False,Cold coffee,Beverages,40.0,14.0,0,5.5,7,0,7,0,7,0.0,98.0,0.0
2022-09-23,2022-09,Vie,False,False,Frankie,Fastfood,50.0,17.5,0,1.0,2,0,2,0,2,0.0,35.0,0.0
2022-09-23,2022-09,Vie,False,False,Panipuri,Fastfood,20.0,7.0,0,1.25,2,0,2,0,2,0.0,14.0,0.0
2022-09-23,2022-09,Vie,False,False,Sandwich,Fastfood,60.0,21.0,0,0.0,0,0,0,0,0,0.0,0.0,0.0
2022-09-23,2022-09,Vie,False,False,Sugarcane juice,Beverages,25.0,8.75,0,4.25,5,0,5,0,5,0.0,43.75,0.0
2022-09-23,2022-09,Vie,False,False,Vadapav,Fastfood,20.0,7.0,0,0.5,1,0,1,0,1,0.0,7.0,0.0
2022-09-24,2022-09,Sáb,True,False,Aalopuri,Fastfood,20.0,7.0,14,7.75,9,9,0,5,5,180.0,0.0,100.0
2022-09-24,2022-09,Sáb,True,False,Cold coffee,Beverages,40.0,14.0,0,0.0,0,0,0,0,0,0.0,0.0,0.0
2022-09-24,2022-09,Sáb,True,False,Frankie,Fastfood,50.0,17.5,0,0.0,0,0,0,0,0,0.0,0.0,0.0
2022-09-24,2022-09,Sáb,True,False,Panipuri,Fastfood,20.0,7.0,0,1.25,2,0,2,0,2,0.0,14.0,0.0
2022-09-24,2022-09,Sáb,True,False,Sandwich,Fastfood,60.0,21.0,0,3.0,4,0,4,0,4,0.0,84.0,0.0
2022-09-24,2022-09,Sáb,True,False,Sugarcane juice,Beverages,25.0,8.75,0,5.25,6,0,6,0,6,0.0,52.5,0.0
2022-09-24,2022-09,Sáb,True,False,Vadapav,Fastfood,20.0,7.0,0,1.25,2,0,2,0,2,0.0,14.0,0.0
2022-09-25,2022-09,Dom,True,False,Aalopuri,Fastfood,20.0,7.0,0,4.25,5,0,5,0,5,0.0,35.0,0.0
2022-09-25,2022-09,Dom,True,False,Cold coffee,Beverages,40.0,14.0,3,3.0,4,3,1,0,1,120.0,14.0,0.0
2022-09-25,2022-09,Dom,True,False,Frankie,Fastfood,50.0,17.5,6,2.0,3,3,0,3,3,150.0,0.0,150.0
2022-09-25,2022-09,Dom,True,False,Panipuri,Fastfood,20.0,7.0,13,0.25,1,1,0,12,12,20.0,0.0,240.0
2022-09-25,2022-09,Dom,True,False,Sandwich,Fastfood,60.0,21.0,0,4.75,6,0,6,0,6,0.0,126.0,0.0
2022-09-25,2022-09,Dom,True,False,Sugarcane juice,Beverages,25.0,8.75,0,4.5,5,0,5,0,5,0.0,43.75,0.0
2022-09-25,2022-09,Dom,True,False,Vadapav,Fastfood,20.0,7.0,3,1.25,2,2,0,1,1,40.0,0.0,20.0
2022-09-26,2022-09,Lun,False,False,Aalopuri,Fastfood,20.0,7.0,0,0.0,0,0,0,0,0,0.0,0.0,0.0
2022-09-26,2022-09,Lun,False,False,Cold coffee,Beverages,40.0,14.0,0,3.25,4,0,4,0,4,0.0,56.0,0.0
2022-09-26,2022-09,Lun,False,False,Frankie,Fastfood,50.0,17.5,0,0.0,0,0,0,0,0,0.0,0.0,0.0
2022-09-26,2022-09,Lun,False,False,Panipuri,Fastfood,20.0,7.0,0,0.0,0,0,0,0,0,0.0,0.0,0.0
2022-09-26,2022-09,Lun,False,False,Sandwich,Fastfood,60.0,21.0,0,1.0,2,0,2,0,2,0.0,42.0,0.0
2022-09-26,2022-09,Lun,False,False,Sugarcane juice,Beverages,25.0,8.75,0,8.75,10,0,10,0,10,0.0,87.5,0.0
2022-09-26,2022-09,Lun,False,False,Vadapav,Fastfood,20.0,7.0,0,2.25,3,0,3,0,3,0.0,21.0,0.0
2022-09-27,2022-09,Mar,False,False,Aalopuri,Fastfood,20.0,7.0,0,0.0,0,0,0,0,0,0.0,0.0,0.0
2022-09-27,2022-09,Mar,False,False,Cold coffee,Beverages,40.0,14.0,2,1.75,2,2,0,0,0,80.0,0.0,0.0
2022-09-27,2022-09,Mar,False,False,Frankie,Fastfood,50.0,17.5,0,3.25,4,0,4,0,4,0.0,70.0,0.0
2022-09-27,2022-09,Mar,False,False,Panipuri,Fastfood,20.0,7.0,15,0.0,0,0,0,15,15,0.0,0.0,300.0
2022-09-27,2022-09,Mar,False,False,Sandwich,Fastfood,60.0,21.0,0,6.75,8,0,8,0,8,0.0,168.0,0.0
2022-09-27,2022-09,Mar,False,False,Sugarcane juice,Beverages,25.0,8.75,7,0.0,0,0,0,7,7,0.0,0.0,175.0
2022-09-27,2022-09,Mar,False,False,Vadapav,Fastfood,20.0,7.0,0,7.0,8,0,8,0,8,0.0,56.0,0.0
2022-09-28,2022-09,Mié,False,False,Aalopuri,Fastfood,20.0,7.0,0,6.0,7,0,7,0,7,0.0,49.0,0.0
2022-09-28,2022-09,Mié,False,False,Cold coffee,Beverages,40.0,14.0,0,12.0,14,0,14,0,14,0.0,196.0,0.0
2022-09-28,2022-09,Mié,False,False,Frankie,Fastfood,50.0,17.5,4,0.5,1,1,0,3,3,50.0,0.0,150.0
2022-09-28,2022-09,Mié,False,False,Panipuri,Fastfood,20.0,7.0,0,7.25,8,0,8,0,8,0.0,56.0,0.0
2022-09-28,2022-09,Mié,False,False,Sandwich,Fastfood,60.0,21.0,0,5.75,7,0,7,0,7,0.0,147.0,0.0
2022-09-28,2022-09,Mié,False,False,Sugarcane juice,Beverages,25.0,8.75,0,0.0,0,0,0,0,0,0.0,0.0,0.0
2022-09-28,2022-09,Mié,False,False,Vadapav,Fastfood,20.0,7.0,3,16.75,19,3,16,0,16,60.0,112.0,0.0
2022-09-29,2022-09,Jue,False,False,Aalopuri,Fastfood,20.0,7.0,0,2.25,3,0,3,0,3,0.0,21.0,0.0
2022-09-29,2022-09,Jue,False,False,Cold coffee,Beverages,40.0,14.0,0,2.5,3,0,3,0,3,0.0,42.0,0.0
2022-09-29,2022-09,Jue,False,False,Frankie,Fastfood,50.0,17.5,0,4.75,6,0,6,0,6,0.0,105.0,0.0
2022-09-29,2022-09,Jue,False,False,Panipuri,Fastfood,20.0,7.0,0,3.0,4,0,4,0,4,0.0,28.0,0.0
2022-09-29,2022-09,Jue,False,False,Sandwich,Fastfood,60.0,21.0,0,3.75,5,0,5,0,5,0.0,105.0,0.0
2022-09-29,2022-09,Jue,False,False,Sugarcane juice,Beverages,25.0,8.75,0,4.0,5,0,5,0,5,0.0,43.75,0.0
2022-09-29,2022-09,Jue,False,False,Vadapav,Fastfood,20.0,7.0,11,0.0,0,0,0,11,11,0.0,0.0,220.0
2022-09-30,2022-09,Vie,False,True,Aalopuri,Fastfood,20.0,7.0,0,0.25,1,0,1,0,1,0.0,7.0,0.0
2022-09-30,2022-09,Vie,False,True,Cold coffee,Beverages,40.0,14.0,0,0.25,1,0,1,0,1,0.0,14.0,0.0
2022-09-30,2022-09,Vie,False,True,Frankie,Fastfood,50.0,17.5,13,1.0,2,2,0,11,11,100.0,0.0,550.0
2022-09-30,2022-09,Vie,False,True,Panipuri,Fastfood,20.0,7.0,0,1.25,2,0,2,0,2,0.0,14.0,0.0
2022-09-30,2022-09,Vie,False,True,Sandwich,Fastfood,60.0,21.0,0,0.0,0,0,0,0,0,0.0,0.0,0.0
2022-09-30,2022-09,Vie,False,True,Sugarcane juice,Beverages,25.0,8.75,6,1.0,2,2,0,4,4,50.0,0.0,100.0
2022-09-30,2022-09,Vie,False,True,Vadapav,Fastfood,20.0,7.0,0,0.5,1,0,1,0,1,0.0,7.0,0.0
2022-10-01,2022-10,Sáb,True,True,Aalopuri,Fastfood,20.0,7.0,9,5.5,7,7,0,2,2,140.0,0.0,40.0
2022-10-01,2022-10,Sáb,True,True,Cold coffee,Beverages,40.0,14.0,0,0.0,0,0,0,0,0,0.0,0.0,0.0
2022-10-01,2022-10,Sáb,True,True,Frankie,Fastfood,50.0,17.5,0,0.0,0,0,0,0,0,0.0,0.0,0.0
2022-10-01,2022-10,Sáb,True,True,Panipuri,Fastfood,20.0,7.0,5,0.0,0,0,0,5,5,0.0,0.0,100.0
2022-10-01,2022-10,Sáb,True,True,Sandwich,Fastfood,60.0,21.0,13,3.0,4,4,0,9,9,240.0,0.0,540.0
2022-10-01,2022-10,Sáb,True,True,Sugarcane juice,Beverages,25.0,8.75,0,3.75,5,0,5,0,5,0.0,43.75,0.0
2022-10-01,2022-10,Sáb,True,True,Vadapav,Fastfood,20.0,7.0,4,0.0,0,0,0,4,4,0.0,0.0,80.0
2022-10-02,2022-10,Dom,True,False,Aalopuri,Fastfood,20.0,7.0,0,4.25,5,0,5,0,5,0.0,35.0,0.0
2022-10-02,2022-10,Dom,True,False,Cold coffee,Beverages,40.0,14.0,2,0.75,1,1,0,1,1,40.0,0.0,40.0
2022-10-02,2022-10,Dom,True,False,Frankie,Fastfood,50.0,17.5,12,3.5,4,4,0,8,8,200.0,0.0,400.0
2022-10-02,2022-10,Dom,True,False,Panipuri,Fastfood,20.0,7.0,0,3.5,4,0,4,0,4,0.0,28.0,0.0
2022-10-02,2022-10,Dom,True,False,Sandwich,Fastfood,60.0,21.0,0,4.75,6,0,6,0,6,0.0,126.0,0.0
2022-10-02,2022-10,Dom,True,False,Sugarcane juice,Beverages,25.0,8.75,13,0.75,1,1,0,12,12,25.0,0.0,300.0
2022-10-02,2022-10,Dom,True,False,Vadapav,Fastfood,20.0,7.0,12,2.0,3,3,0,9,9,60.0,0.0,180.0
2022-10-03,2022-10,Lun,False,False,Aalopuri,Fastfood,20.0,7.0,0,0.0,0,0,0,0,0,0.0,0.0,0.0
2022-10-03,2022-10,Lun,False,False,Cold coffee,Beverages,40.0,14.0,0,3.25,4,0,4,0,4,0.0,56.0,0.0
2022-10-03,2022-10,Lun,False,False,Frankie,Fastfood,50.0,17.5,13,0.0,0,0,0,13,13,0.0,0.0,650.0
2022-10-03,2022-10,Lun,False,False,Panipuri,Fastfood,20.0,7.0,0,0.0,0,0,0,0,0,0.0,0.0,0.0
2022-10-03,2022-10,Lun,False,False,Sandwich,Fastfood,60.0,21.0,0,1.0,2,0,2,0,2,0.0,42.0,0.0
2022-10-03,2022-10,Lun,False,False,Sugarcane juice,Beverages,25.0,8.75,7,8.75,10,7,3,0,3,175.0,26.25,0.0
2022-10-03,2022-10,Lun,False,False,Vadapav,Fastfood,20.0,7.0,2,2.25,3,2,1,0,1,40.0,7.0,0.0
2022-10-04,2022-10,Mar,False,False,Aalopuri,Fastfood,20.0,7.0,0,0.0,0,0,0,0,0,0.0,0.0,0.0
2022-10-04,2022-10,Mar,False,False,Cold coffee,Beverages,40.0,14.0,10,2.25,3,3,0,7,7,120.0,0.0,280.0
2022-10-04,2022-10,Mar,False,False,Frankie,Fastfood,50.0,17.5,0,3.25,4,0,4,0,4,0.0,70.0,0.0
2022-10-04,2022-10,Mar,False,False,Panipuri,Fastfood,20.0,7.0,0,3.75,5,0,5,0,5,0.0,35.0,0.0
2022-10-04,2022-10,Mar,False,False,Sandwich,Fastfood,60.0,21.0,0,5.25,6,0,6,0,6,0.0,126.0,0.0
2022-10-04,2022-10,Mar,False,False,Sugarcane juice,Beverages,25.0,8.75,12,1.75,2,2,0,10,10,50.0,0.0,250.0
2022-10-04,2022-10,Mar,False,False,Vadapav,Fastfood,20.0,7.0,0,3.5,4,0,4,0,4,0.0,28.0,0.0
2022-10-05,2022-10,Mié,False,False,Aalopuri,Fastfood,20.0,7.0,0,6.0,7,0,7,0,7,0.0,49.0,0.0
2022-10-05,2022-10,Mié,False,False,Cold coffee,Beverages,40.0,14.0,0,7.75,9,0,9,0,9,0.0,126.0,0.0
2022-10-05,2022-10,Mié,False,False,Frankie,Fastfood,50.0,17.5,0,1.5,2,0,2,0,2,0.0,35.0,0.0
2022-10-05,2022-10,Mié,False,False,Panipuri,Fastfood,20.0,7.0,0,7.25,8,0,8,0,8,0.0,56.0,0.0
2022-10-05,2022-10,Mié,False,False,Sandwich,Fastfood,60.0,21.0,0,5.5,7,0,7,0,7,0.0,147.0,0.0
2022-10-05,2022-10,Mié,False,False,Sugarcane juice,Beverages,25.0,8.75,0,0.0,0,0,0,0,0,0.0,0.0,0.0
2022-10-05,2022-10,Mié,False,False,Vadapav,Fastfood,20.0,7.0,32,11.75,13,13,0,19,19,260.0,0.0,380.0
2022-10-06,2022-10,Jue,False,False,Aalopuri,Fastfood,20.0,7.0,0,2.25,3,0,3,0,3,0.0,21.0,0.0
2022-10-06,2022-10,Jue,False,False,Cold coffee,Beverages,40.0,14.0,2,2.5,3,2,1,0,1,80.0,14.0,0.0
2022-10-06,2022-10,Jue,False,False,Frankie,Fastfood,50.0,17.5,0,4.75,6,0,6,0,6,0.0,105.0,0.0
2022-10-06,2022-10,Jue,False,False,Panipuri,Fastfood,20.0,7.0,0,2.5,3,0,3,0,3,0.0,21.0,0.0
2022-10-06,2022-10,Jue,False,False,Sandwich,Fastfood,60.0,21.0,0,0.0,0,0,0,0,0,0.0,0.0,0.0
2022-10-06,2022-10,Jue,False,False,Sugarcane juice,Beverages,25.0,8.75,0,4.0,5,0,5,0,5,0.0,43.75,0.0
2022-10-06,2022-10,Jue,False,False,Vadapav,Fastfood,20.0,7.0,0,2.75,4,0,4,0,4,0.0,28.0,0.0
2022-10-07,2022-10,Vie,False,False,Aalopuri,Fastfood,20.0,7.0,0,0.25,1,0,1,0,1,0.0,7.0,0.0
2022-10-07,2022-10,Vie,False,False,Cold coffee,Beverages,40.0,14.0,7,0.25,1,1,0,6,6,40.0,0.0,240.0
2022-10-07,2022-10,Vie,False,False,Frankie,Fastfood,50.0,17.5,7,4.25,5,5,0,2,2,250.0,0.0,100.0
2022-10-07,2022-10,Vie,False,False,Panipuri,Fastfood,20.0,7.0,0,1.25,2,0,2,0,2,0.0,14.0,0.0
2022-10-07,2022-10,Vie,False,False,Sandwich,Fastfood,60.0,21.0,6,0.0,0,0,0,6,6,0.0,0.0,360.0
2022-10-07,2022-10,Vie,False,False,Sugarcane juice,Beverages,25.0,8.75,0,2.5,3,0,3,0,3,0.0,26.25,0.0
2022-10-07,2022-10,Vie,False,False,Vadapav,Fastfood,20.0,7.0,0,0.5,1,0,1,0,1,0.0,7.0,0.0
2022-10-08,2022-10,Sáb,True,False,Aalopuri,Fastfood,20.0,7.0,0,7.25,8,0,8,0,8,0.0,56.0,0.0
2022-10-08,2022-10,Sáb,True,False,Cold coffee,Beverages,40.0,14.0,0,0.0,0,0,0,0,0,0.0,0.0,0.0
2022-10-08,2022-10,Sáb,True,False,Frankie,Fastfood,50.0,17.5,7,0.0,0,0,0,7,7,0.0,0.0,350.0
2022-10-08,2022-10,Sáb,True,False,Panipuri,Fastfood,20.0,7.0,0,1.25,2,0,2,0,2,0.0,14.0,0.0
2022-10-08,2022-10,Sáb,True,False,Sandwich,Fastfood,60.0,21.0,11,6.25,7,7,0,4,4,420.0,0.0,240.0
2022-10-08,2022-10,Sáb,True,False,Sugarcane juice,Beverages,25.0,8.75,14,0.5,1,1,0,13,13,25.0,0.0,325.0
2022-10-08,2022-10,Sáb,True,False,Vadapav,Fastfood,20.0,7.0,0,1.0,2,0,2,0,2,0.0,14.0,0.0
2022-10-09,2022-10,Dom,True,False,Aalopuri,Fastfood,20.0,7.0,0,4.25,5,0,5,0,5,0.0,35.0,0.0
2022-10-09,2022-10,Dom,True,False,Cold coffee,Beverages,40.0,14.0,12,1.25,2,2,0,10,10,80.0,0.0,400.0
2022-10-09,2022-10,Dom,True,False,Frankie,Fastfood,50.0,17.5,0,6.5,8,0,8,0,8,0.0,140.0,0.0
2022-10-09,2022-10,Dom,True,False,Panipuri,Fastfood,20.0,7.0,15,3.5,4,4,0,11,11,80.0,0.0,220.0
2022-10-09,2022-10,Dom,True,False,Sandwich,Fastfood,60.0,21.0,30,1.5,2,2,0,28,28,120.0,0.0,1680.0
2022-10-09,2022-10,Dom,True,False,Sugarcane juice,Beverages,25.0,8.75,0,4.0,5,0,5,0,5,0.0,43.75,0.0
2022-10-09,2022-10,Dom,True,False,Vadapav,Fastfood,20.0,7.0,0,5.0,6,0,6,0,6,0.0,42.0,0.0
2022-10-10,2022-10,Lun,False,False,Aalopuri,Fastfood,20.0,7.0,12,0.0,0,0,0,12,12,0.0,0.0,240.0
2022-10-10,2022-10,Lun,False,False,Cold coffee,Beverages,40.0,14.0,0,3.25,4,0,4,0,4,0.0,56.0,0.0
2022-10-10,2022-10,Lun,False,False,Frankie,Fastfood,50.0,17.5,0,3.25,4,0,4,0,4,0.0,70.0,0.0
2022-10-10,2022-10,Lun,False,False,Panipuri,Fastfood,20.0,7.0,0,0.0,0,0,0,0,0,0.0,0.0,0.0
2022-10-10,2022-10,Lun,False,False,Sandwich,Fastfood,60.0,21.0,0,0.0,0,0,0,0,0,0.0,0.0,0.0
2022-10-10,2022-10,Lun,False,False,Sugarcane juice,Beverages,25.0,8.75,0,7.5,9,0,9,0,9,0.0,78.75,0.0
2022-10-10,2022-10,Lun,False,False,Vadapav,Fastfood,20.0,7.0,0,0.75,1,0,1,0,1,0.0,7.0,0.0
2022-10-11,2022-10,Mar,False,False,Aalopuri,Fastfood,20.0,7.0,29,0.0,0,0,0,29,29,0.0,0.0,580.0
2022-10-11,2022-10,Mar,False,False,Cold coffee,Beverages,40.0,14.0,27,3.0,4,4,0,23,23,160.0,0.0,920.0
2022-10-11,2022-10,Mar,False,False,Frankie,Fastfood,50.0,17.5,7,3.25,4,4,0,3,3,200.0,0.0,150.0
2022-10-11,2022-10,Mar,False,False,Panipuri,Fastfood,20.0,7.0,0,3.75,5,0,5,0,5,0.0,35.0,0.0
2022-10-11,2022-10,Mar,False,False,Sandwich,Fastfood,60.0,21.0,0,5.25,6,0,6,0,6,0.0,126.0,0.0
2022-10-11,2022-10,Mar,False,False,Sugarcane juice,Beverages,25.0,8.75,23,4.75,6,6,0,17,17,150.0,0.0,425.0
2022-10-11,2022-10,Mar,False,False,Vadapav,Fastfood,20.0,7.0,0,0.0,0,0,0,0,0,0.0,0.0,0.0
2022-10-12,2022-10,Mié,False,False,Aalopuri,Fastfood,20.0,7.0,0,6.0,7,0,7,0,7,0.0,49.0,0.0
2022-10-12,2022-10,Mié,False,False,Cold coffee,Beverages,40.0,14.0,11,7.75,9,9,0,2,2,360.0,0.0,80.0
2022-10-12,2022-10,Mié,False,False,Frankie,Fastfood,50.0,17.5,0,1.0,2,0,2,0,2,0.0,35.0,0.0
2022-10-12,2022-10,Mié,False,False,Panipuri,Fastfood,20.0,7.0,0,6.5,8,0,8,0,8,0.0,56.0,0.0
2022-10-12,2022-10,Mié,False,False,Sandwich,Fastfood,60.0,21.0,0,2.25,3,0,3,0,3,0.0,63.0,0.0
2022-10-12,2022-10,Mié,False,False,Sugarcane juice,Beverages,25.0,8.75,0,0.0,0,0,0,0,0,0.0,0.0,0.0
2022-10-12,2022-10,Mié,False,False,Vadapav,Fastfood,20.0,7.0,10,19.75,22,10,12,0,12,200.0,84.0,0.0
2022-10-13,2022-10,Jue,False,False,Aalopuri,Fastfood,20.0,7.0,0,2.25,3,0,3,0,3,0.0,21.0,0.0
2022-10-13,2022-10,Jue,False,False,Cold coffee,Beverages,40.0,14.0,4,3.0,4,4,0,0,0,160.0,0.0,0.0
2022-10-13,2022-10,Jue,False,False,Frankie,Fastfood,50.0,17.5,7,0.0,0,0,0,7,7,0.0,0.0,350.0
2022-10-13,2022-10,Jue,False,False,Panipuri,Fastfood,20.0,7.0,10,2.0,3,3,0,7,7,60.0,0.0,140.0
2022-10-13,2022-10,Jue,False,False,Sandwich,Fastfood,60.0,21.0,0,0.0,0,0,0,0,0,0.0,0.0,0.0
2022-10-13,2022-10,Jue,False,False,Sugarcane juice,Beverages,25.0,8.75,0,4.0,5,0,5,0,5,0.0,43.75,0.0
2022-10-13,2022-10,Jue,False,False,Vadapav,Fastfood,20.0,7.0,0,2.75,4,0,4,0,4,0.0,28.0,0.0
2022-10-14,2022-10,Vie,False,False,Aalopuri,Fastfood,20.0,7.0,0,0.25,1,0,1,0,1,0.0,7.0,0.0
2022-10-14,2022-10,Vie,False,False,Cold coffee,Beverages,40.0,14.0,14,1.75,2,2,0,12,12,80.0,0.0,480.0
2022-10-14,2022-10,Vie,False,False,Frankie,Fastfood,50.0,17.5,0,5.0,6,0,6,0,6,0.0,105.0,0.0
2022-10-14,2022-10,Vie,False,False,Panipuri,Fastfood,20.0,7.0,0,1.25,2,0,2,0,2,0.0,14.0,0.0
2022-10-14,2022-10,Vie,False,False,Sandwich,Fastfood,60.0,21.0,8,1.5,2,2,0,6,6,120.0,0.0,360.0
2022-10-14,2022-10,Vie,False,False,Sugarcane juice,Beverages,25.0,8.75,13,1.5,2,2,0,11,11,50.0,0.0,275.0
2022-10-14,2022-10,Vie,False,False,Vadapav,Fastfood,20.0,7.0,0,0.5,1,0,1,0,1,0.0,7.0,0.0
2022-10-15,2022-10,Sáb,True,True,Aalopuri,Fastfood,20.0,7.0,14,7.25,8,8,0,6,6,160.0,0.0,120.0
2022-10-15,2022-10,Sáb,True,True,Cold coffee,Beverages,40.0,14.0,0,0.0,0,0,0,0,0,0.0,0.0,0.0
2022-10-15,2022-10,Sáb,True,True,Frankie,Fastfood,50.0,17.5,0,1.75,2,0,2,0,2,0.0,35.0,0.0
2022-10-15,2022-10,Sáb,True,True,Panipuri,Fastfood,20.0,7.0,0,1.25,2,0,2,0,2,0.0,14.0,0.0
2022-10-15,2022-10,Sáb,True,True,Sandwich,Fastfood,60.0,21.0,0,9.0,10,0,10,0,10,0.0,210.0,0.0
2022-10-15,2022-10,Sáb,True,True,Sugarcane juice,Beverages,25.0,8.75,0,3.5,4,0,4,0,4,0.0,35.0,0.0
2022-10-15,2022-10,Sáb,True,True,Vadapav,Fastfood,20.0,7.0,0,1.0,2,0,2,0,2,0.0,14.0,0.0
2022-10-16,2022-10,Dom,True,True,Aalopuri,Fastfood,20.0,7.0,0,3.75,5,0,5,0,5,0.0,35.0,0.0
2022-10-16,2022-10,Dom,True,True,Cold coffee,Beverages,40.0,14.0,18,4.25,5,5,0,13,13,200.0,0.0,520.0
2022-10-16,2022-10,Dom,True,True,Frankie,Fastfood,50.0,17.5,0,6.5,8,0,8,0,8,0.0,140.0,0.0
2022-10-16,2022-10,Dom,True,True,Panipuri,Fastfood,20.0,7.0,11,7.0,8,8,0,3,3,160.0,0.0,60.0
2022-10-16,2022-10,Dom,True,True,Sandwich,Fastfood,60.0,21.0,0,7.5,9,0,9,0,9,0.0,189.0,0.0
2022-10-16,2022-10,Dom,True,True,Sugarcane juice,Beverages,25.0,8.75,4,3.25,4,4,0,0,0,100.0,0.0,0.0
2022-10-16,2022-10,Dom,True,True,Vadapav,Fastfood,20.0,7.0,0,5.0,6,0,6,0,6,0.0,42.0,0.0
2022-10-17,2022-10,Lun,False,False,Aalopuri,Fastfood,20.0,7.0,11,3.0,4,4,0,7,7,80.0,0.0,140.0
2022-10-17,2022-10,Lun,False,False,Cold coffee,Beverages,40.0,14.0,0,3.25,4,0,4,0,4,0.0,56.0,0.0
2022-10-17,2022-10,Lun,False,False,Frankie,Fastfood,50.0,17.5,12,3.25,4,4,0,8,8,200.0,0.0,400.0
2022-10-17,2022-10,Lun,False,False,Panipuri,Fastfood,20.0,7.0,0,0.0,0,0,0,0,0,0.0,0.0,0.0
2022-10-17,2022-10,Lun,False,False,Sandwich,Fastfood,60.0,21.0,0,0.0,0,0,0,0,0,0.0,0.0,0.0
2022-10-17,2022-10,Lun,False,False,Sugarcane juice,Beverages,25.0,8.75,3,1.75,2,2,0,1,1,50.0,0.0,25.0
2022-10-17,2022-10,Lun,False,False,Vadapav,Fastfood,20.0,7.0,4,0.75,1,1,0,3,3,20.0,0.0,60.0
2022-10-18,2022-10,Mar,False,False,Aalopuri,Fastfood,20.0,7.0,0,7.25,8,0,8,0,8,0.0,56.0,0.0
2022-10-18,2022-10,Mar,False,False,Cold coffee,Beverages,40.0,14.0,0,9.75,11,0,11,0,11,0.0,154.0,0.0
2022-10-18,2022-10,Mar,False,False,Frankie,Fastfood,50.0,17.5,0,5.0,6,0,6,0,6,0.0,105.0,0.0
2022-10-18,2022-10,Mar,False,False,Panipuri,Fastfood,20.0,7.0,0,3.75,5,0,5,0,5,0.0,35.0,0.0
2022-10-18,2022-10,Mar,False,False,Sandwich,Fastfood,60.0,21.0,9,5.25,6,6,0,3,3,360.0,0.0,180.0
2022-10-18,2022-10,Mar,False,False,Sugarcane juice,Beverages,25.0,8.75,13,10.5,12,12,0,1,1,300.0,0.0,25.0
2022-10-18,2022-10,Mar,False,False,Vadapav,Fastfood,20.0,7.0,5,0.0,0,0,0,5,5,0.0,0.0,100.0
2022-10-19,2022-10,Mié,False,False,Aalopuri,Fastfood,20.0,7.0,0,2.25,3,0,3,0,3,0.0,21.0,0.0
2022-10-19,2022-10,Mié,False,False,Cold coffee,Beverages,40.0,14.0,4,7.25,8,4,4,0,4,160.0,56.0,0.0
2022-10-19,2022-10,Mié,False,False,Frankie,Fastfood,50.0,17.5,0,1.0,2,0,2,0,2,0.0,35.0,0.0
2022-10-19,2022-10,Mié,False,False,Panipuri,Fastfood,20.0,7.0,13,3.5,4,4,0,9,9,80.0,0.0,180.0
2022-10-19,2022-10,Mié,False,False,Sandwich,Fastfood,60.0,21.0,0,2.25,3,0,3,0,3,0.0,63.0,0.0
2022-10-19,2022-10,Mié,False,False,Sugarcane juice,Beverages,25.0,8.75,0,0.0,0,0,0,0,0,0.0,0.0,0.0
2022-10-19,2022-10,Mié,False,False,Vadapav,Fastfood,20.0,7.0,0,14.75,17,0,17,0,17,0.0,119.0,0.0
2022-10-20,2022-10,Jue,False,False,Aalopuri,Fastfood,20.0,7.0,13,0.0,0,0,0,13,13,0.0,0.0,260.0
2022-10-20,2022-10,Jue,False,False,Cold coffee,Beverages,40.0,14.0,0,1.5,2,0,2,0,2,0.0,28.0,0.0
2022-10-20,2022-10,Jue,False,False,Frankie,Fastfood,50.0,17.5,0,1.75,2,0,2,0,2,0.0,35.0,0.0
2022-10-20,2022-10,Jue,False,False,Panipuri,Fastfood,20.0,7.0,0,4.5,5,0,5,0,5,0.0,35.0,0.0
2022-10-20,2022-10,Jue,False,False,Sandwich,Fastfood,60.0,21.0,6,0.0,0,0,0,6,6,0.0,0.0,360.0
2022-10-20,2022-10,Jue,False,False,Sugarcane juice,Beverages,25.0,8.75,2,3.0,4,2,2,0,2,50.0,17.5,0.0
2022-10-20,2022-10,Jue,False,False,Vadapav,Fastfood,20.0,7.0,0,2.75,4,0,4,0,4,0.0,28.0,0.0
2022-10-21,2022-10,Vie,False,False,Aalopuri,Fastfood,20.0,7.0,0,0.25,1,0,1,0,1,0.0,7.0,0.0
2022-10-21,2022-10,Vie,False,False,Cold coffee,Beverages,40.0,14.0,0,5.25,6,0,6,0,6,0.0,84.0,0.0
2022-10-21,2022-10,Vie,False,False,Frankie,Fastfood,50.0,17.5,7,5.0,6,6,0,1,1,300.0,0.0,50.0
2022-10-21,2022-10,Vie,False,False,Panipuri,Fastfood,20.0,7.0,0,0.0,0,0,0,0,0,0.0,0.0,0.0
2022-10-21,2022-10,Vie,False,False,Sandwich,Fastfood,60.0,21.0,5,3.5,4,4,0,1,1,240.0,0.0,60.0
2022-10-21,2022-10,Vie,False,False,Sugarcane juice,Beverages,25.0,8.75,10,4.75,6,6,0,4,4,150.0,0.0,100.0
2022-10-21,2022-10,Vie,False,False,Vadapav,Fastfood,20.0,7.0,0,0.0,0,0,0,0,0,0.0,0.0,0.0
2022-10-22,2022-10,Sáb,True,False,Aalopuri,Fastfood,20.0,7.0,1,9.25,11,1,10,0,10,20.0,70.0,0.0
2022-10-22,2022-10,Sáb,True,False,Cold coffee,Beverages,40.0,14.0,0,0.0,0,0,0,0,0,0.0,0.0,0.0
2022-10-22,2022-10,Sáb,True,False,Frankie,Fastfood,50.0,17.5,0,1.75,2,0,2,0,2,0.0,35.0,0.0
2022-10-22,2022-10,Sáb,True,False,Panipuri,Fastfood,20.0,7.0,0,1.25,2,0,2,0,2,0.0,14.0,0.0
2022-10-22,2022-10,Sáb,True,False,Sandwich,Fastfood,60.0,21.0,14,6.0,7,7,0,7,7,420.0,0.0,420.0
2022-10-22,2022-10,Sáb,True,False,Sugarcane juice,Beverages,25.0,8.75,1,3.5,4,1,3,0,3,25.0,26.25,0.0
2022-10-22,2022-10,Sáb,True,False,Vadapav,Fastfood,20.0,7.0,0,1.0,2,0,2,0,2,0.0,14.0,0.0
2022-10-23,2022-10,Dom,True,False,Aalopuri,Fastfood,20.0,7.0,0,0.0,0,0,0,0,0,0.0,0.0,0.0
2022-10-23,2022-10,Dom,True,False,Cold coffee,Beverages,40.0,14.0,0,8.75,10,0,10,0,10,0.0,140.0,0.0
2022-10-23,2022-10,Dom,True,False,Frankie,Fastfood,50.0,17.5,0,4.5,5,0,5,0,5,0.0,87.5,0.0
2022-10-23,2022-10,Dom,True,False,Panipuri,Fastfood,20.0,7.0,13,9.75,11,11,0,2,2,220.0,0.0,40.0
2022-10-23,2022-10,Dom,True,False,Sandwich,Fastfood,60.0,21.0,0,7.5,9,0,9,0,9,0.0,189.0,0.0
2022-10-23,2022-10,Dom,True,False,Sugarcane juice,Beverages,25.0,8.75,0,4.25,5,0,5,0,5,0.0,43.75,0.0
2022-10-23,2022-10,Dom,True,False,Vadapav,Fastfood,20.0,7.0,5,3.75,5,5,0,0,0,100.0,0.0,0.0
2022-10-24,2022-10,Lun,False,False,Aalopuri,Fastfood,20.0,7.0,3,5.75,7,3,4,0,4,60.0,28.0,0.0
2022-10-24,2022-10,Lun,False,False,Cold coffee,Beverages,40.0,14.0,27,0.0,0,0,0,27,27,0.0,0.0,1080.0
2022-10-24,2022-10,Lun,False,False,Frankie,Fastfood,50.0,17.5,0,6.25,7,0,7,0,7,0.0,122.5,0.0
2022-10-24,2022-10,Lun,False,False,Panipuri,Fastfood,20.0,7.0,0,0.0,0,0,0,0,0,0.0,0.0,0.0
2022-10-24,2022-10,Lun,False,False,Sandwich,Fastfood,60.0,21.0,0,0.0,0,0,0,0,0,0.0,0.0,0.0
2022-10-24,2022-10,Lun,False,False,Sugarcane juice,Beverages,25.0,8.75,0,2.5,3,0,3,0,3,0.0,26.25,0.0
2022-10-24,2022-10,Lun,False,False,Vadapav,Fastfood,20.0,7.0,0,1.5,2,0,2,0,2,0.0,14.0,0.0
2022-10-25,2022-10,Mar,False,False,Aalopuri,Fastfood,20.0,7.0,0,7.25,8,0,8,0,8,0.0,56.0,0.0
2022-10-25,2022-10,Mar,False,False,Cold coffee,Beverages,40.0,14.0,0,9.75,11,0,11,0,11,0.0,154.0,0.0
2022-10-25,2022-10,Mar,False,False,Frankie,Fastfood,50.0,17.5,0,1.75,2,0,2,0,2,0.0,35.0,0.0
2022-10-25,2022-10,Mar,False,False,Panipuri,Fastfood,20.0,7.0,0,3.75,5,0,5,0,5,0.0,35.0,0.0
2022-10-25,2022-10,Mar,False,False,Sandwich,Fastfood,60.0,21.0,0,2.25,3,0,3,0,3,0.0,63.0,0.0
2022-10-25,2022-10,Mar,False,False,Sugarcane juice,Beverages,25.0,8.75,0,13.75,16,0,16,0,16,0.0,140.0,0.0
2022-10-25,2022-10,Mar,False,False,Vadapav,Fastfood,20.0,7.0,0,1.25,2,0,2,0,2,0.0,14.0,0.0
2022-10-26,2022-10,Mié,False,False,Aalopuri,Fastfood,20.0,7.0,0,0.0,0,0,0,0,0,0.0,0.0,0.0
2022-10-26,2022-10,Mié,False,False,Cold coffee,Beverages,40.0,14.0,0,3.75,5,0,5,0,5,0.0,70.0,0.0
2022-10-26,2022-10,Mié,False,False,Frankie,Fastfood,50.0,17.5,0,1.0,2,0,2,0,2,0.0,35.0,0.0
2022-10-26,2022-10,Mié,False,False,Panipuri,Fastfood,20.0,7.0,0,3.25,4,0,4,0,4,0.0,28.0,0.0
2022-10-26,2022-10,Mié,False,False,Sandwich,Fastfood,60.0,21.0,0,0.0,0,0,0,0,0,0.0,0.0,0.0
2022-10-26,2022-10,Mié,False,False,Sugarcane juice,Beverages,25.0,8.75,3,0.0,0,0,0,3,3,0.0,0.0,75.0
2022-10-26,2022-10,Mié,False,False,Vadapav,Fastfood,20.0,7.0,13,11.25,13,13,0,0,0,260.0,0.0,0.0
2022-10-27,2022-10,Jue,False,False,Aalopuri,Fastfood,20.0,7.0,6,3.25,4,4,0,2,2,80.0,0.0,40.0
2022-10-27,2022-10,Jue,False,False,Cold coffee,Beverages,40.0,14.0,13,1.5,2,2,0,11,11,80.0,0.0,440.0
2022-10-27,2022-10,Jue,False,False,Frankie,Fastfood,50.0,17.5,0,1.75,2,0,2,0,2,0.0,35.0,0.0
2022-10-27,2022-10,Jue,False,False,Panipuri,Fastfood,20.0,7.0,0,2.5,3,0,3,0,3,0.0,21.0,0.0
2022-10-27,2022-10,Jue,False,False,Sandwich,Fastfood,60.0,21.0,0,1.5,2,0,2,0,2,0.0,42.0,0.0
2022-10-27,2022-10,Jue,False,False,Sugarcane juice,Beverages,25.0,8.75,14,0.5,1,1,0,13,13,25.0,0.0,325.0
2022-10-27,2022-10,Jue,False,False,Vadapav,Fastfood,20.0,7.0,0,2.75,4,0,4,0,4,0.0,28.0,0.0
2022-10-28,2022-10,Vie,False,False,Aalopuri,Fastfood,20.0,7.0,0,0.0,0,0,0,0,0,0.0,0.0,0.0
2022-10-28,2022-10,Vie,False,False,Cold coffee,Beverages,40.0,14.0,0,5.25,6,0,6,0,6,0.0,84.0,0.0
2022-10-28,2022-10,Vie,False,False,Frankie,Fastfood,50.0,17.5,4,6.75,8,4,4,0,4,200.0,70.0,0.0
2022-10-28,2022-10,Vie,False,False,Panipuri,Fastfood,20.0,7.0,9,0.0,0,0,0,9,9,0.0,0.0,180.0
2022-10-28,2022-10,Vie,False,False,Sandwich,Fastfood,60.0,21.0,0,4.75,6,0,6,0,6,0.0,126.0,0.0
2022-10-28,2022-10,Vie,False,False,Sugarcane juice,Beverages,25.0,8.75,0,7.25,8,0,8,0,8,0.0,70.0,0.0
2022-10-28,2022-10,Vie,False,False,Vadapav,Fastfood,20.0,7.0,0,0.0,0,0,0,0,0,0.0,0.0,0.0
2022-10-29,2022-10,Sáb,True,False,Aalopuri,Fastfood,20.0,7.0,0,6.0,7,0,7,0,7,0.0,49.0,0.0
2022-10-29,2022-10,Sáb,True,False,Cold coffee,Beverages,40.0,14.0,0,0.0,0,0,0,0,0,0.0,0.0,0.0
2022-10-29,2022-10,Sáb,True,False,Frankie,Fastfood,50.0,17.5,0,1.75,2,0,2,0,2,0.0,35.0,0.0
2022-10-29,2022-10,Sáb,True,False,Panipuri,Fastfood,20.0,7.0,0,1.25,2,0,2,0,2,0.0,14.0,0.0
2022-10-29,2022-10,Sáb,True,False,Sandwich,Fastfood,60.0,21.0,0,9.5,11,0,11,0,11,0.0,231.0,0.0
2022-10-29,2022-10,Sáb,True,False,Sugarcane juice,Beverages,25.0,8.75,4,3.75,5,4,1,0,1,100.0,8.75,0.0
2022-10-29,2022-10,Sáb,True,False,Vadapav,Fastfood,20.0,7.0,15,1.0,2,2,0,13,13,40.0,0.0,260.0
2022-10-30,2022-10,Dom,True,False,Aalopuri,Fastfood,20.0,7.0,16,0.0,0,0,0,16,16,0.0,0.0,320.0
2022-10-30,2022-10,Dom,True,False,Cold coffee,Beverages,40.0,14.0,0,8.0,9,0,9,0,9,0.0,126.0,0.0
2022-10-30,2022-10,Dom,True,False,Frankie,Fastfood,50.0,17.5,0,3.0,4,0,4,0,4,0.0,70.0,0.0
2022-10-30,2022-10,Dom,True,False,Panipuri,Fastfood,20.0,7.0,14,9.75,11,11,0,3,3,220.0,0.0,60.0
2022-10-30,2022-10,Dom,True,False,Sandwich,Fastfood,60.0,21.0,0,7.5,9,0,9,0,9,0.0,189.0,0.0
2022-10-30,2022-10,Dom,True,False,Sugarcane juice,Beverages,25.0,8.75,11,4.25,5,5,0,6,6,125.0,0.0,150.0
2022-10-30,2022-10,Dom,True,False,Vadapav,Fastfood,20.0,7.0,0,4.25,5,0,5,0,5,0.0,35.0,0.0
2022-10-31,2022-10,Lun,False,True,Aalopuri,Fastfood,20.0,7.0,0,6.5,8,0,8,0,8,0.0,56.0,0.0
2022-10-31,2022-10,Lun,False,True,Cold coffee,Beverages,40.0,14.0,5,6.75,8,5,3,0,3,200.0,42.0,0.0
2022-10-31,2022-10,Lun,False,True,Frankie,Fastfood,50.0,17.5,25,6.25,7,7,0,18,18,350.0,0.0,900.0
2022-10-31,2022-10,Lun,False,True,Panipuri,Fastfood,20.0,7.0,0,0.0,0,0,0,0,0,0.0,0.0,0.0
2022-10-31,2022-10,Lun,False,True,Sandwich,Fastfood,60.0,21.0,0,0.0,0,0,0,0,0,0.0,0.0,0.0
2022-10-31,2022-10,Lun,False,True,Sugarcane juice,Beverages,25.0,8.75,0,2.5,3,0,3,0,3,0.0,26.25,0.0
2022-10-31,2022-10,Lun,False,True,Vadapav,Fastfood,20.0,7.0,0,1.5,2,0,2,0,2,0.0,14.0,0.0
2022-11-01,2022-11,Mar,False,True,Aalopuri,Fastfood,20.0,7.0,12,7.25,8,8,0,4,4,160.0,0.0,80.0
2022-11-01,2022-11,Mar,False,True,Cold coffee,Beverages,40.0,14.0,0,9.25,11,0,11,0,11,0.0,154.0,0.0
2022-11-01,2022-11,Mar,False,True,Frankie,Fastfood,50.0,17.5,0,1.75,2,0,2,0,2,0.0,35.0,0.0
2022-11-01,2022-11,Mar,False,True,Panipuri,Fastfood,20.0,7.0,12,0.0,0,0,0,12,12,0.0,0.0,240.0
2022-11-01,2022-11,Mar,False,True,Sandwich,Fastfood,60.0,21.0,0,2.25,3,0,3,0,3,0.0,63.0,0.0
2022-11-01,2022-11,Mar,False,True,Sugarcane juice,Beverages,25.0,8.75,0,12.0,14,0,14,0,14,0.0,122.5,0.0
2022-11-01,2022-11,Mar,False,True,Vadapav,Fastfood,20.0,7.0,0,1.25,2,0,2,0,2,0.0,14.0,0.0
2022-11-02,2022-11,Mié,False,False,Aalopuri,Fastfood,20.0,7.0,1,0.0,0,0,0,1,1,0.0,0.0,20.0
2022-11-02,2022-11,Mié,False,False,Cold coffee,Beverages,40.0,14.0,0,3.75,5,0,5,0,5,0.0,70.0,0.0
2022-11-02,2022-11,Mié,False,False,Frankie,Fastfood,50.0,17.5,4,0.0,0,0,0,4,4,0.0,0.0,200.0
2022-11-02,2022-11,Mié,False,False,Panipuri,Fastfood,20.0,7.0,0,3.25,4,0,4,0,4,0.0,28.0,0.0
2022-11-02,2022-11,Mié,False,False,Sandwich,Fastfood,60.0,21.0,19,0.0,0,0,0,19,19,0.0,0.0,1140.0
2022-11-02,2022-11,Mié,False,False,Sugarcane juice,Beverages,25.0,8.75,0,0.75,1,0,1,0,1,0.0,8.75,0.0
2022-11-02,2022-11,Mié,False,False,Vadapav,Fastfood,20.0,7.0,8,13.75,16,8,8,0,8,160.0,56.0,0.0
2022-11-03,2022-11,Jue,False,False,Aalopuri,Fastfood,20.0,7.0,0,4.75,6,0,6,0,6,0.0,42.0,0.0
2022-11-03,2022-11,Jue,False,False,Cold coffee,Beverages,40.0,14.0,10,4.75,6,6,0,4,4,240.0,0.0,160.0
2022-11-03,2022-11,Jue,False,False,Frankie,Fastfood,50.0,17.5,6,1.75,2,2,0,4,4,100.0,0.0,200.0
2022-11-03,2022-11,Jue,False,False,Panipuri,Fastfood,20.0,7.0,0,2.5,3,0,3,0,3,0.0,21.0,0.0
2022-11-03,2022-11,Jue,False,False,Sandwich,Fastfood,60.0,21.0,0,1.5,2,0,2,0,2,0.0,42.0,0.0
2022-11-03,2022-11,Jue,False,False,Sugarcane juice,Beverages,25.0,8.75,0,4.0,5,0,5,0,5,0.0,43.75,0.0
2022-11-03,2022-11,Jue,False,False,Vadapav,Fastfood,20.0,7.0,0,0.0,0,0,0,0,0,0.0,0.0,0.0
2022-11-04,2022-11,Vie,False,False,Aalopuri,Fastfood,20.0,7.0,13,0.0,0,0,0,13,13,0.0,0.0,260.0
2022-11-04,2022-11,Vie,False,False,Cold coffee,Beverages,40.0,14.0,0,5.25,6,0,6,0,6,0.0,84.0,0.0
2022-11-04,2022-11,Vie,False,False,Frankie,Fastfood,50.0,17.5,0,4.5,5,0,5,0,5,0.0,87.5,0.0
2022-11-04,2022-11,Vie,False,False,Panipuri,Fastfood,20.0,7.0,0,2.25,3,0,3,0,3,0.0,21.0,0.0
2022-11-04,2022-11,Vie,False,False,Sandwich,Fastfood,60.0,21.0,0,4.75,6,0,6,0,6,0.0,126.0,0.0
2022-11-04,2022-11,Vie,False,False,Sugarcane juice,Beverages,25.0,8.75,0,5.75,7,0,7,0,7,0.0,61.25,0.0
2022-11-04,2022-11,Vie,False,False,Vadapav,Fastfood,20.0,7.0,0,0.0,0,0,0,0,0,0.0,0.0,0.0
2022-11-05,2022-11,Sáb,True,False,Aalopuri,Fastfood,20.0,7.0,0,3.75,5,0,5,0,5,0.0,35.0,0.0
2022-11-05,2022-11,Sáb,True,False,Cold coffee,Beverages,40.0,14.0,0,0.0,0,0,0,0,0,0.0,0.0,0.0
2022-11-05,2022-11,Sáb,True,False,Frankie,Fastfood,50.0,17.5,9,1.75,2,2,0,7,7,100.0,0.0,350.0
2022-11-05,2022-11,Sáb,True,False,Panipuri,Fastfood,20.0,7.0,24,0.0,0,0,0,24,24,0.0,0.0,480.0
2022-11-05,2022-11,Sáb,True,False,Sandwich,Fastfood,60.0,21.0,4,6.25,7,4,3,0,3,240.0,63.0,0.0
2022-11-05,2022-11,Sáb,True,False,Sugarcane juice,Beverages,25.0,8.75,0,4.75,6,0,6,0,6,0.0,52.5,0.0
2022-11-05,2022-11,Sáb,True,False,Vadapav,Fastfood,20.0,7.0,0,3.75,5,0,5,0,5,0.0,35.0,0.0
2022-11-06,2022-11,Dom,True,False,Aalopuri,Fastfood,20.0,7.0,0,4.0,5,0,5,0,5,0.0,35.0,0.0
2022-11-06,2022-11,Dom,True,False,Cold coffee,Beverages,40.0,14.0,34,7.5,9,9,0,25,25,360.0,0.0,1000.0
2022-11-06,2022-11,Dom,True,False,Frankie,Fastfood,50.0,17.5,4,0.0,0,0,0,4,4,0.0,0.0,200.0
2022-11-06,2022-11,Dom,True,False,Panipuri,Fastfood,20.0,7.0,0,13.25,15,0,15,0,15,0.0,105.0,0.0
2022-11-06,2022-11,Dom,True,False,Sandwich,Fastfood,60.0,21.0,0,7.5,9,0,9,0,9,0.0,189.0,0.0
2022-11-06,2022-11,Dom,True,False,Sugarcane juice,Beverages,25.0,8.75,0,3.75,5,0,5,0,5,0.0,43.75,0.0
2022-11-06,2022-11,Dom,True,False,Vadapav,Fastfood,20.0,7.0,0,1.25,2,0,2,0,2,0.0,14.0,0.0
2022-11-07,2022-11,Lun,False,False,Aalopuri,Fastfood,20.0,7.0,0,6.5,8,0,8,0,8,0.0,56.0,0.0
2022-11-07,2022-11,Lun,False,False,Cold coffee,Beverages,40.0,14.0,10,8.0,9,9,0,1,1,360.0,0.0,40.0
2022-11-07,2022-11,Lun,False,False,Frankie,Fastfood,50.0,17.5,0,9.25,11,0,11,0,11,0.0,192.5,0.0
2022-11-07,2022-11,Lun,False,False,Panipuri,Fastfood,20.0,7.0,0,0.0,0,0,0,0,0,0.0,0.0,0.0
2022-11-07,2022-11,Lun,False,False,Sandwich,Fastfood,60.0,21.0,0,0.0,0,0,0,0,0,0.0,0.0,0.0
2022-11-07,2022-11,Lun,False,False,Sugarcane juice,Beverages,25.0,8.75,0,0.75,1,0,1,0,1,0.0,8.75,0.0
2022-11-07,2022-11,Lun,False,False,Vadapav,Fastfood,20.0,7.0,0,1.0,2,0,2,0,2,0.0,14.0,0.0
2022-11-08,2022-11,Mar,False,False,Aalopuri,Fastfood,20.0,7.0,0,10.25,12,0,12,0,12,0.0,84.0,0.0
2022-11-08,2022-11,Mar,False,False,Cold coffee,Beverages,40.0,14.0,0,6.75,8,0,8,0,8,0.0,112.0,0.0
2022-11-08,2022-11,Mar,False,False,Frankie,Fastfood,50.0,17.5,0,1.75,2,0,2,0,2,0.0,35.0,0.0
2022-11-08,2022-11,Mar,False,False,Panipuri,Fastfood,20.0,7.0,23,3.0,4,4,0,19,19,80.0,0.0,380.0
2022-11-08,2022-11,Mar,False,False,Sandwich,Fastfood,60.0,21.0,0,2.25,3,0,3,0,3,0.0,63.0,0.0
2022-11-08,2022-11,Mar,False,False,Sugarcane juice,Beverages,25.0,8.75,14,9.0,10,10,0,4,4,250.0,0.0,100.0
2022-11-08,2022-11,Mar,False,False,Vadapav,Fastfood,20.0,7.0,0,1.25,2,0,2,0,2,0.0,14.0,0.0
2022-11-09,2022-11,Mié,False,False,Aalopuri,Fastfood,20.0,7.0,0,0.25,1,0,1,0,1,0.0,7.0,0.0
2022-11-09,2022-11,Mié,False,False,Cold coffee,Beverages,40.0,14.0,0,3.75,5,0,5,0,5,0.0,70.0,0.0
2022-11-09,2022-11,Mié,False,False,Frankie,Fastfood,50.0,17.5,0,1.0,2,0,2,0,2,0.0,35.0,0.0
2022-11-09,2022-11,Mié,False,False,Panipuri,Fastfood,20.0,7.0,1,3.25,4,1,3,0,3,20.0,21.0,0.0
2022-11-09,2022-11,Mié,False,False,Sandwich,Fastfood,60.0,21.0,0,4.75,6,0,6,0,6,0.0,126.0,0.0
2022-11-09,2022-11,Mié,False,False,Sugarcane juice,Beverages,25.0,8.75,0,0.75,1,0,1,0,1,0.0,8.75,0.0
2022-11-09,2022-11,Mié,False,False,Vadapav,Fastfood,20.0,7.0,0,7.75,9,0,9,0,9,0.0,63.0,0.0
2022-11-10,2022-11,Jue,False,False,Aalopuri,Fastfood,20.0,7.0,0,4.75,6,0,6,0,6,0.0,42.0,0.0
2022-11-10,2022-11,Jue,False,False,Cold coffee,Beverages,40.0,14.0,0,6.75,8,0,8,0,8,0.0,112.0,0.0
2022-11-10,2022-11,Jue,False,False,Frankie,Fastfood,50.0,17.5,9,3.25,4,4,0,5,5,200.0,0.0,250.0
2022-11-10,2022-11,Jue,False,False,Panipuri,Fastfood,20.0,7.0,0,2.5,3,0,3,0,3,0.0,21.0,0.0
2022-11-10,2022-11,Jue,False,False,Sandwich,Fastfood,60.0,21.0,2,1.5,2,2,0,0,0,120.0,0.0,0.0
2022-11-10,2022-11,Jue,False,False,Sugarcane juice,Beverages,25.0,8.75,0,4.0,5,0,5,0,5,0.0,43.75,0.0
2022-11-10,2022-11,Jue,False,False,Vadapav,Fastfood,20.0,7.0,0,0.0,0,0,0,0,0,0.0,0.0,0.0
2022-11-11,2022-11,Vie,False,False,Aalopuri,Fastfood,20.0,7.0,0,3.25,4,0,4,0,4,0.0,28.0,0.0
2022-11-11,2022-11,Vie,False,False,Cold coffee,Beverages,40.0,14.0,0,3.5,4,0,4,0,4,0.0,56.0,0.0
2022-11-11,2022-11,Vie,False,False,Frankie,Fastfood,50.0,17.5,0,2.75,4,0,4,0,4,0.0,70.0,0.0
2022-11-11,2022-11,Vie,False,False,Panipuri,Fastfood,20.0,7.0,25,2.25,3,3,0,22,22,60.0,0.0,440.0
2022-11-11,2022-11,Vie,False,False,Sandwich,Fastfood,60.0,21.0,0,3.25,4,0,4,0,4,0.0,84.0,0.0
2022-11-11,2022-11,Vie,False,False,Sugarcane juice,Beverages,25.0,8.75,0,5.75,7,0,7,0,7,0.0,61.25,0.0
2022-11-11,2022-11,Vie,False,False,Vadapav,Fastfood,20.0,7.0,0,0.0,0,0,0,0,0,0.0,0.0,0.0
2022-11-12,2022-11,Sáb,True,False,Aalopuri,Fastfood,20.0,7.0,0,3.75,5,0,5,0,5,0.0,35.0,0.0
2022-11-12,2022-11,Sáb,True,False,Cold coffee,Beverages,40.0,14.0,7,0.0,0,0,0,7,7,0.0,0.0,280.0
2022-11-12,2022-11,Sáb,True,False,Frankie,Fastfood,50.0,17.5,0,2.25,3,0,3,0,3,0.0,52.5,0.0
2022-11-12,2022-11,Sáb,True,False,Panipuri,Fastfood,20.0,7.0,11,6.0,7,7,0,4,4,140.0,0.0,80.0
2022-11-12,2022-11,Sáb,True,False,Sandwich,Fastfood,60.0,21.0,3,4.5,5,3,2,0,2,180.0,42.0,0.0
2022-11-12,2022-11,Sáb,True,False,Sugarcane juice,Beverages,25.0,8.75,0,1.25,2,0,2,0,2,0.0,17.5,0.0
2022-11-12,2022-11,Sáb,True,False,Vadapav,Fastfood,20.0,7.0,0,3.75,5,0,5,0,5,0.0,35.0,0.0
2022-11-13,2022-11,Dom,True,False,Aalopuri,Fastfood,20.0,7.0,0,4.0,5,0,5,0,5,0.0,35.0,0.0
2022-11-13,2022-11,Dom,True,False,Cold coffee,Beverages,40.0,14.0,11,13.0,15,11,4,0,4,440.0,56.0,0.0
2022-11-13,2022-11,Dom,True,False,Frankie,Fastfood,50.0,17.5,11,1.0,2,2,0,9,9,100.0,0.0,450.0
2022-11-13,2022-11,Dom,True,False,Panipuri,Fastfood,20.0,7.0,0,9.5,11,0,11,0,11,0.0,77.0,0.0
2022-11-13,2022-11,Dom,True,False,Sandwich,Fastfood,60.0,21.0,0,0.0,0,0,0,0,0,0.0,0.0,0.0
2022-11-13,2022-11,Dom,True,False,Sugarcane juice,Beverages,25.0,8.75,0,3.75,5,0,5,0,5,0.0,43.75,0.0
2022-11-13,2022-11,Dom,True,False,Vadapav,Fastfood,20.0,7.0,0,1.25,2,0,2,0,2,0.0,14.0,0.0
2022-11-14,2022-11,Lun,False,False,Aalopuri,Fastfood,20.0,7.0,0,3.5,4,0,4,0,4,0.0,28.0,0.0
2022-11-14,2022-11,Lun,False,False,Cold coffee,Beverages,40.0,14.0,0,10.5,12,0,12,0,12,0.0,168.0,0.0
2022-11-14,2022-11,Lun,False,False,Frankie,Fastfood,50.0,17.5,0,9.25,11,0,11,0,11,0.0,192.5,0.0
2022-11-14,2022-11,Lun,False,False,Panipuri,Fastfood,20.0,7.0,0,0.0,0,0,0,0,0,0.0,0.0,0.0
2022-11-14,2022-11,Lun,False,False,Sandwich,Fastfood,60.0,21.0,0,0.0,0,0,0,0,0,0.0,0.0,0.0
2022-11-14,2022-11,Lun,False,False,Sugarcane juice,Beverages,25.0,8.75,1,0.75,1,1,0,0,0,25.0,0.0,0.0
2022-11-14,2022-11,Lun,False,False,Vadapav,Fastfood,20.0,7.0,10,1.0,2,2,0,8,8,40.0,0.0,160.0
2022-11-15,2022-11,Mar,False,True,Aalopuri,Fastfood,20.0,7.0,0,3.0,4,0,4,0,4,0.0,28.0,0.0
2022-11-15,2022-11,Mar,False,True,Cold coffee,Beverages,40.0,14.0,15,0.0,0,0,0,15,15,0.0,0.0,600.0
2022-11-15,2022-11,Mar,False,True,Frankie,Fastfood,50.0,17.5,6,0.0,0,0,0,6,6,0.0,0.0,300.0
2022-11-15,2022-11,Mar,False,True,Panipuri,Fastfood,20.0,7.0,0,8.75,10,0,10,0,10,0.0,70.0,0.0
2022-11-15,2022-11,Mar,False,True,Sandwich,Fastfood,60.0,21.0,0,2.25,3,0,3,0,3,0.0,63.0,0.0
2022-11-15,2022-11,Mar,False,True,Sugarcane juice,Beverages,25.0,8.75,6,6.75,8,6,2,0,2,150.0,17.5,0.0
2022-11-15,2022-11,Mar,False,True,Vadapav,Fastfood,20.0,7.0,0,1.25,2,0,2,0,2,0.0,14.0,0.0
2022-11-16,2022-11,Mié,False,True,Aalopuri,Fastfood,20.0,7.0,0,0.25,1,0,1,0,1,0.0,7.0,0.0
2022-11-16,2022-11,Mié,False,True,Cold coffee,Beverages,40.0,14.0,0,1.0,2,0,2,0,2,0.0,28.0,0.0
2022-11-16,2022-11,Mié,False,True,Frankie,Fastfood,50.0,17.5,0,1.0,2,0,2,0,2,0.0,35.0,0.0
2022-11-16,2022-11,Mié,False,True,Panipuri,Fastfood,20.0,7.0,2,3.5,4,2,2,0,2,40.0,14.0,0.0
2022-11-16,2022-11,Mié,False,True,Sandwich,Fastfood,60.0,21.0,0,4.75,6,0,6,0,6,0.0,126.0,0.0
2022-11-16,2022-11,Mié,False,True,Sugarcane juice,Beverages,25.0,8.75,0,0.75,1,0,1,0,1,0.0,8.75,0.0
2022-11-16,2022-11,Mié,False,True,Vadapav,Fastfood,20.0,7.0,10,5.25,6,6,0,4,4,120.0,0.0,80.0
2022-11-17,2022-11,Jue,False,False,Aalopuri,Fastfood,20.0,7.0,0,4.75,6,0,6,0,6,0.0,42.0,0.0
2022-11-17,2022-11,Jue,False,False,Cold coffee,Beverages,40.0,14.0,20,5.75,7,7,0,13,13,280.0,0.0,520.0
2022-11-17,2022-11,Jue,False,False,Frankie,Fastfood,50.0,17.5,0,3.75,5,0,5,0,5,0.0,87.5,0.0
2022-11-17,2022-11,Jue,False,False,Panipuri,Fastfood,20.0,7.0,23,0.0,0,0,0,23,23,0.0,0.0,460.0
2022-11-17,2022-11,Jue,False,False,Sandwich,Fastfood,60.0,21.0,0,2.0,3,0,3,0,3,0.0,63.0,0.0
2022-11-17,2022-11,Jue,False,False,Sugarcane juice,Beverages,25.0,8.75,0,4.0,5,0,5,0,5,0.0,43.75,0.0
2022-11-17,2022-11,Jue,False,False,Vadapav,Fastfood,20.0,7.0,0,0.0,0,0,0,0,0,0.0,0.0,0.0
2022-11-18,2022-11,Vie,False,False,Aalopuri,Fastfood,20.0,7.0,0,3.25,4,0,4,0,4,0.0,28.0,0.0
2022-11-18,2022-11,Vie,False,False,Cold coffee,Beverages,40.0,14.0,0,0.0,0,0,0,0,0,0.0,0.0,0.0
2022-11-18,2022-11,Vie,False,False,Frankie,Fastfood,50.0,17.5,0,2.75,4,0,4,0,4,0.0,70.0,0.0
2022-11-18,2022-11,Vie,False,False,Panipuri,Fastfood,20.0,7.0,14,8.5,10,10,0,4,4,200.0,0.0,80.0
2022-11-18,2022-11,Vie,False,False,Sandwich,Fastfood,60.0,21.0,4,1.25,2,2,0,2,2,120.0,0.0,120.0
2022-11-18,2022-11,Vie,False,False,Sugarcane juice,Beverages,25.0,8.75,0,2.5,3,0,3,0,3,0.0,26.25,0.0
2022-11-18,2022-11,Vie,False,False,Vadapav,Fastfood,20.0,7.0,0,0.0,0,0,0,0,0,0.0,0.0,0.0
2022-11-19,2022-11,Sáb,True,False,Aalopuri,Fastfood,20.0,7.0,0,0.25,1,0,1,0,1,0.0,7.0,0.0
2022-11-19,2022-11,Sáb,True,False,Cold coffee,Beverages,40.0,14.0,0,1.75,2,0,2,0,2,0.0,28.0,0.0
2022-11-19,2022-11,Sáb,True,False,Frankie,Fastfood,50.0,17.5,24,2.25,3,3,0,21,21,150.0,0.0,1050.0
2022-11-19,2022-11,Sáb,True,False,Panipuri,Fastfood,20.0,7.0,0,8.75,10,0,10,0,10,0.0,70.0,0.0
2022-11-19,2022-11,Sáb,True,False,Sandwich,Fastfood,60.0,21.0,0,5.25,6,0,6,0,6,0.0,126.0,0.0
2022-11-19,2022-11,Sáb,True,False,Sugarcane juice,Beverages,25.0,8.75,0,1.25,2,0,2,0,2,0.0,17.5,0.0
2022-11-19,2022-11,Sáb,True,False,Vadapav,Fastfood,20.0,7.0,0,3.75,5,0,5,0,5,0.0,35.0,0.0
2022-11-20,2022-11,Dom,True,False,Aalopuri,Fastfood,20.0,7.0,2,4.0,5,2,3,0,3,40.0,21.0,0.0
2022-11-20,2022-11,Dom,True,False,Cold coffee,Beverages,40.0,14.0,0,11.25,13,0,13,0,13,0.0,182.0,0.0
2022-11-20,2022-11,Dom,True,False,Frankie,Fastfood,50.0,17.5,0,3.75,5,0,5,0,5,0.0,87.5,0.0
2022-11-20,2022-11,Dom,True,False,Panipuri,Fastfood,20.0,7.0,12,6.75,8,8,0,4,4,160.0,0.0,80.0
2022-11-20,2022-11,Dom,True,False,Sandwich,Fastfood,60.0,21.0,0,0.0,0,0,0,0,0,0.0,0.0,0.0
2022-11-20,2022-11,Dom,True,False,Sugarcane juice,Beverages,25.0,8.75,0,2.75,4,0,4,0,4,0.0,35.0,0.0
2022-11-20,2022-11,Dom,True,False,Vadapav,Fastfood,20.0,7.0,1,1.25,2,1,1,0,1,20.0,7.0,0.0
2022-11-21,2022-11,Lun,False,False,Aalopuri,Fastfood,20.0,7.0,5,0.75,1,1,0,4,4,20.0,0.0,80.0
2022-11-21,2022-11,Lun,False,False,Cold coffee,Beverages,40.0,14.0,0,10.5,12,0,12,0,12,0.0,168.0,0.0
2022-11-21,2022-11,Lun,False,False,Frankie,Fastfood,50.0,17.5,0,6.25,7,0,7,0,7,0.0,122.5,0.0
2022-11-21,2022-11,Lun,False,False,Panipuri,Fastfood,20.0,7.0,0,0.0,0,0,0,0,0,0.0,0.0,0.0
2022-11-21,2022-11,Lun,False,False,Sandwich,Fastfood,60.0,21.0,0,0.0,0,0,0,0,0,0.0,0.0,0.0
2022-11-21,2022-11,Lun,False,False,Sugarcane juice,Beverages,25.0,8.75,0,0.25,1,0,1,0,1,0.0,8.75,0.0
2022-11-21,2022-11,Lun,False,False,Vadapav,Fastfood,20.0,7.0,0,2.5,3,0,3,0,3,0.0,21.0,0.0
2022-11-22,2022-11,Mar,False,False,Aalopuri,Fastfood,20.0,7.0,0,3.0,4,0,4,0,4,0.0,28.0,0.0
2022-11-22,2022-11,Mar,False,False,Cold coffee,Beverages,40.0,14.0,9,3.75,5,5,0,4,4,200.0,0.0,160.0
2022-11-22,2022-11,Mar,False,False,Frankie,Fastfood,50.0,17.5,0,1.5,2,0,2,0,2,0.0,35.0,0.0
2022-11-22,2022-11,Mar,False,False,Panipuri,Fastfood,20.0,7.0,0,8.75,10,0,10,0,10,0.0,70.0,0.0
2022-11-22,2022-11,Mar,False,False,Sandwich,Fastfood,60.0,21.0,10,0.0,0,0,0,10,10,0.0,0.0,600.0
2022-11-22,2022-11,Mar,False,False,Sugarcane juice,Beverages,25.0,8.75,0,5.0,6,0,6,0,6,0.0,52.5,0.0
2022-11-22,2022-11,Mar,False,False,Vadapav,Fastfood,20.0,7.0,0,0.0,0,0,0,0,0,0.0,0.0,0.0
2022-11-23,2022-11,Mié,False,False,Aalopuri,Fastfood,20.0,7.0,15,0.25,1,1,0,14,14,20.0,0.0,280.0
2022-11-23,2022-11,Mié,False,False,Cold coffee,Beverages,40.0,14.0,0,0.0,0,0,0,0,0,0.0,0.0,0.0
2022-11-23,2022-11,Mié,False,False,Frankie,Fastfood,50.0,17.5,9,1.0,2,2,0,7,7,100.0,0.0,350.0
2022-11-23,2022-11,Mié,False,False,Panipuri,Fastfood,20.0,7.0,11,0.75,1,1,0,10,10,20.0,0.0,200.0
2022-11-23,2022-11,Mié,False,False,Sandwich,Fastfood,60.0,21.0,0,4.75,6,0,6,0,6,0.0,126.0,0.0
2022-11-23,2022-11,Mié,False,False,Sugarcane juice,Beverages,25.0,8.75,0,0.75,1,0,1,0,1,0.0,8.75,0.0
2022-11-23,2022-11,Mié,False,False,Vadapav,Fastfood,20.0,7.0,0,7.75,9,0,9,0,9,0.0,63.0,0.0
2022-11-24,2022-11,Jue,False,False,Aalopuri,Fastfood,20.0,7.0,0,1.5,2,0,2,0,2,0.0,14.0,0.0
2022-11-24,2022-11,Jue,False,False,Cold coffee,Beverages,40.0,14.0,3,10.75,12,3,9,0,9,120.0,126.0,0.0
2022-11-24,2022-11,Jue,False,False,Frankie,Fastfood,50.0,17.5,0,3.75,5,0,5,0,5,0.0,87.5,0.0
2022-11-24,2022-11,Jue,False,False,Panipuri,Fastfood,20.0,7.0,0,5.75,7,0,7,0,7,0.0,49.0,0.0
2022-11-24,2022-11,Jue,False,False,Sandwich,Fastfood,60.0,21.0,7,0.5,1,1,0,6,6,60.0,0.0,360.0
2022-11-24,2022-11,Jue,False,False,Sugarcane juice,Beverages,25.0,8.75,0,3.5,4,0,4,0,4,0.0,35.0,0.0
2022-11-24,2022-11,Jue,False,False,Vadapav,Fastfood,20.0,7.0,10,0.0,0,0,0,10,10,0.0,0.0,200.0
2022-11-25,2022-11,Vie,False,False,Aalopuri,Fastfood,20.0,7.0,0,3.25,4,0,4,0,4,0.0,28.0,0.0
2022-11-25,2022-11,Vie,False,False,Cold coffee,Beverages,40.0,14.0,15,0.0,0,0,0,15,15,0.0,0.0,600.0
2022-11-25,2022-11,Vie,False,False,Frankie,Fastfood,50.0,17.5,4,1.0,2,2,0,2,2,100.0,0.0,100.0
2022-11-25,2022-11,Vie,False,False,Panipuri,Fastfood,20.0,7.0,0,12.0,14,0,14,0,14,0.0,98.0,0.0
2022-11-25,2022-11,Vie,False,False,Sandwich,Fastfood,60.0,21.0,0,1.0,2,0,2,0,2,0.0,42.0,0.0
2022-11-25,2022-11,Vie,False,False,Sugarcane juice,Beverages,25.0,8.75,0,0.0,0,0,0,0,0,0.0,0.0,0.0
2022-11-25,2022-11,Vie,False,False,Vadapav,Fastfood,20.0,7.0,0,0.0,0,0,0,0,0,0.0,0.0,0.0
2022-11-26,2022-11,Sáb,True,False,Aalopuri,Fastfood,20.0,7.0,0,0.0,0,0,0,0,0,0.0,0.0,0.0
2022-11-26,2022-11,Sáb,True,False,Cold coffee,Beverages,40.0,14.0,11,1.75,2,2,0,9,9,80.0,0.0,360.0
2022-11-26,2022-11,Sáb,True,False,Frankie,Fastfood,50.0,17.5,7,8.25,10,7,3,0,3,350.0,52.5,0.0
2022-11-26,2022-11,Sáb,True,False,Panipuri,Fastfood,20.0,7.0,10,8.75,10,10,0,0,0,200.0,0.0,0.0
2022-11-26,2022-11,Sáb,True,False,Sandwich,Fastfood,60.0,21.0,0,1.75,2,0,2,0,2,0.0,42.0,0.0
2022-11-26,2022-11,Sáb,True,False,Sugarcane juice,Beverages,25.0,8.75,0,1.0,2,0,2,0,2,0.0,17.5,0.0
2022-11-26,2022-11,Sáb,True,False,Vadapav,Fastfood,20.0,7.0,0,3.75,5,0,5,0,5,0.0,35.0,0.0
2022-11-27,2022-11,Dom,True,False,Aalopuri,Fastfood,20.0,7.0,0,4.5,5,0,5,0,5,0.0,35.0,0.0
2022-11-27,2022-11,Dom,True,False,Cold coffee,Beverages,40.0,14.0,0,11.25,13,0,13,0,13,0.0,182.0,0.0
2022-11-27,2022-11,Dom,True,False,Frankie,Fastfood,50.0,17.5,0,3.75,5,0,5,0,5,0.0,87.5,0.0
2022-11-27,2022-11,Dom,True,False,Panipuri,Fastfood,20.0,7.0,0,6.5,8,0,8,0,8,0.0,56.0,0.0
2022-11-27,2022-11,Dom,True,False,Sandwich,Fastfood,60.0,21.0,0,0.0,0,0,0,0,0,0.0,0.0,0.0
2022-11-27,2022-11,Dom,True,False,Sugarcane juice,Beverages,25.0,8.75,23,2.75,4,4,0,19,19,100.0,0.0,475.0
2022-11-27,2022-11,Dom,True,False,Vadapav,Fastfood,20.0,7.0,0,0.25,1,0,1,0,1,0.0,7.0,0.0
2022-11-28,2022-11,Lun,False,False,Aalopuri,Fastfood,20.0,7.0,14,1.25,2,2,0,12,12,40.0,0.0,240.0
2022-11-28,2022-11,Lun,False,False,Cold coffee,Beverages,40.0,14.0,9,3.75,5,5,0,4,4,200.0,0.0,160.0
2022-11-28,2022-11,Lun,False,False,Frankie,Fastfood,50.0,17.5,0,6.25,7,0,7,0,7,0.0,122.5,0.0
2022-11-28,2022-11,Lun,False,False,Panipuri,Fastfood,20.0,7.0,0,0.0,0,0,0,0,0,0.0,0.0,0.0
2022-11-28,2022-11,Lun,False,False,Sandwich,Fastfood,60.0,21.0,6,0.0,0,0,0,6,6,0.0,0.0,360.0
2022-11-28,2022-11,Lun,False,False,Sugarcane juice,Beverages,25.0,8.75,1,0.25,1,1,0,0,0,25.0,0.0,0.0
2022-11-28,2022-11,Lun,False,False,Vadapav,Fastfood,20.0,7.0,8,2.5,3,3,0,5,5,60.0,0.0,100.0
2022-11-29,2022-11,Mar,False,False,Aalopuri,Fastfood,20.0,7.0,0,3.0,4,0,4,0,4,0.0,28.0,0.0
2022-11-29,2022-11,Mar,False,False,Cold coffee,Beverages,40.0,14.0,0,6.0,7,0,7,0,7,0.0,98.0,0.0
2022-11-29,2022-11,Mar,False,False,Frankie,Fastfood,50.0,17.5,15,1.5,2,2,0,13,13,100.0,0.0,650.0
2022-11-29,2022-11,Mar,False,False,Panipuri,Fastfood,20.0,7.0,0,8.75,10,0,10,0,10,0.0,70.0,0.0
2022-11-29,2022-11,Mar,False,False,Sandwich,Fastfood,60.0,21.0,10,2.5,3,3,0,7,7,180.0,0.0,420.0
2022-11-29,2022-11,Mar,False,False,Sugarcane juice,Beverages,25.0,8.75,13,5.0,6,6,0,7,7,150.0,0.0,175.0
2022-11-29,2022-11,Mar,False,False,Vadapav,Fastfood,20.0,7.0,0,0.0,0,0,0,0,0,0.0,0.0,0.0
2022-11-30,2022-11,Mié,False,True,Aalopuri,Fastfood,20.0,7.0,0,4.0,5,0,5,0,5,0.0,35.0,0.0
2022-11-30,2022-11,Mié,False,True,Cold coffee,Beverages,40.0,14.0,0,0.0,0,0,0,0,0,0.0,0.0,0.0
2022-11-30,2022-11,Mié,False,True,Frankie,Fastfood,50.0,17.5,0,3.25,4,0,4,0,4,0.0,70.0,0.0
2022-11-30,2022-11,Mié,False,True,Panipuri,Fastfood,20.0,7.0,10,3.5,4,4,0,6,6,80.0,0.0,120.0
2022-11-30,2022-11,Mié,False,True,Sandwich,Fastfood,60.0,21.0,0,4.75,6,0,6,0,6,0.0,126.0,0.0
2022-11-30,2022-11,Mié,False,True,Sugarcane juice,Beverages,25.0,8.75,10,0.0,0,0,0,10,10,0.0,0.0,250.0
2022-11-30,2022-11,Mié,False,True,Vadapav,Fastfood,20.0,7.0,0,4.5,5,0,5,0,5,0.0,35.0,0.0
2022-12-01,2022-12,Jue,False,True,Aalopuri,Fastfood,20.0,7.0,0,0.0,0,0,0,0,0,0.0,0.0,0.0
2022-12-01,2022-12,Jue,False,True,Cold coffee,Beverages,40.0,14.0,0,8.25,10,0,10,0,10,0.0,140.0,0.0
2022-12-01,2022-12,Jue,False,True,Frankie,Fastfood,50.0,17.5,8,3.75,5,5,0,3,3,250.0,0.0,150.0
2022-12-01,2022-12,Jue,False,True,Panipuri,Fastfood,20.0,7.0,0,5.75,7,0,7,0,7,0.0,49.0,0.0
2022-12-01,2022-12,Jue,False,True,Sandwich,Fastfood,60.0,21.0,7,2.25,3,3,0,4,4,180.0,0.0,240.0
2022-12-01,2022-12,Jue,False,True,Sugarcane juice,Beverages,25.0,8.75,0,0.0,0,0,0,0,0,0.0,0.0,0.0
2022-12-01,2022-12,Jue,False,True,Vadapav,Fastfood,20.0,7.0,6,2.5,3,3,0,3,3,60.0,0.0,60.0
2022-12-02,2022-12,Vie,False,False,Aalopuri,Fastfood,20.0,7.0,0,3.25,4,0,4,0,4,0.0,28.0,0.0
2022-12-02,2022-12,Vie,False,False,Cold coffee,Beverages,40.0,14.0,6,3.75,5,5,0,1,1,200.0,0.0,40.0
2022-12-02,2022-12,Vie,False,False,Frankie,Fastfood,50.0,17.5,0,1.0,2,0,2,0,2,0.0,35.0,0.0
2022-12-02,2022-12,Vie,False,False,Panipuri,Fastfood,20.0,7.0,0,9.75,11,0,11,0,11,0.0,77.0,0.0
2022-12-02,2022-12,Vie,False,False,Sandwich,Fastfood,60.0,21.0,15,1.0,2,2,0,13,13,120.0,0.0,780.0
2022-12-02,2022-12,Vie,False,False,Sugarcane juice,Beverages,25.0,8.75,14,0.0,0,0,0,14,14,0.0,0.0,350.0
2022-12-02,2022-12,Vie,False,False,Vadapav,Fastfood,20.0,7.0,0,0.0,0,0,0,0,0,0.0,0.0,0.0
2022-12-03,2022-12,Sáb,True,False,Aalopuri,Fastfood,20.0,7.0,1,0.0,0,0,0,1,1,0.0,0.0,20.0
2022-12-03,2022-12,Sáb,True,False,Cold coffee,Beverages,40.0,14.0,0,4.5,5,0,5,0,5,0.0,70.0,0.0
2022-12-03,2022-12,Sáb,True,False,Frankie,Fastfood,50.0,17.5,0,10.0,11,0,11,0,11,0.0,192.5,0.0
2022-12-03,2022-12,Sáb,True,False,Panipuri,Fastfood,20.0,7.0,9,11.25,13,9,4,0,4,180.0,28.0,0.0
2022-12-03,2022-12,Sáb,True,False,Sandwich,Fastfood,60.0,21.0,0,1.75,2,0,2,0,2,0.0,42.0,0.0
2022-12-03,2022-12,Sáb,True,False,Sugarcane juice,Beverages,25.0,8.75,14,0.0,0,0,0,14,14,0.0,0.0,350.0
2022-12-03,2022-12,Sáb,True,False,Vadapav,Fastfood,20.0,7.0,0,0.0,0,0,0,0,0,0.0,0.0,0.0
2022-12-04,2022-12,Dom,True,False,Aalopuri,Fastfood,20.0,7.0,2,0.5,1,1,0,1,1,20.0,0.0,20.0
2022-12-04,2022-12,Dom,True,False,Cold coffee,Beverages,40.0,14.0,15,11.25,13,13,0,2,2,520.0,0.0,80.0
2022-12-04,2022-12,Dom,True,False,Frankie,Fastfood,50.0,17.5,19,3.75,5,5,0,14,14,250.0,0.0,700.0
2022-12-04,2022-12,Dom,True,False,Panipuri,Fastfood,20.0,7.0,0,3.0,4,0,4,0,4,0.0,28.0,0.0
2022-12-04,2022-12,Dom,True,False,Sandwich,Fastfood,60.0,21.0,0,0.0,0,0,0,0,0,0.0,0.0,0.0
2022-12-04,2022-12,Dom,True,False,Sugarcane juice,Beverages,25.0,8.75,7,5.75,7,7,0,0,0,175.0,0.0,0.0
2022-12-04,2022-12,Dom,True,False,Vadapav,Fastfood,20.0,7.0,0,0.25,1,0,1,0,1,0.0,7.0,0.0
2022-12-05,2022-12,Lun,False,False,Aalopuri,Fastfood,20.0,7.0,0,4.75,6,0,6,0,6,0.0,42.0,0.0
2022-12-05,2022-12,Lun,False,False,Cold coffee,Beverages,40.0,14.0,6,4.75,6,6,0,0,0,240.0,0.0,0.0
2022-12-05,2022-12,Lun,False,False,Frankie,Fastfood,50.0,17.5,0,0.0,0,0,0,0,0,0.0,0.0,0.0
2022-12-05,2022-12,Lun,False,False,Panipuri,Fastfood,20.0,7.0,0,0.0,0,0,0,0,0,0.0,0.0,0.0
2022-12-05,2022-12,Lun,False,False,Sandwich,Fastfood,60.0,21.0,0,1.5,2,0,2,0,2,0.0,42.0,0.0
2022-12-05,2022-12,Lun,False,False,Sugarcane juice,Beverages,25.0,8.75,0,0.5,1,0,1,0,1,0.0,8.75,0.0
2022-12-05,2022-12,Lun,False,False,Vadapav,Fastfood,20.0,7.0,12,4.5,5,5,0,7,7,100.0,0.0,140.0
2022-12-06,2022-12,Mar,False,False,Aalopuri,Fastfood,20.0,7.0,0,0.0,0,0,0,0,0,0.0,0.0,0.0
2022-12-06,2022-12,Mar,False,False,Cold coffee,Beverages,40.0,14.0,0,6.0,7,0,7,0,7,0.0,98.0,0.0
2022-12-06,2022-12,Mar,False,False,Frankie,Fastfood,50.0,17.5,0,5.25,6,0,6,0,6,0.0,105.0,0.0
2022-12-06,2022-12,Mar,False,False,Panipuri,Fastfood,20.0,7.0,0,5.75,7,0,7,0,7,0.0,49.0,0.0
2022-12-06,2022-12,Mar,False,False,Sandwich,Fastfood,60.0,21.0,0,5.0,6,0,6,0,6,0.0,126.0,0.0
2022-12-06,2022-12,Mar,False,False,Sugarcane juice,Beverages,25.0,8.75,0,8.25,10,0,10,0,10,0.0,87.5,0.0
2022-12-06,2022-12,Mar,False,False,Vadapav,Fastfood,20.0,7.0,0,0.0,0,0,0,0,0,0.0,0.0,0.0
2022-12-07,2022-12,Mié,False,False,Aalopuri,Fastfood,20.0,7.0,2,3.75,5,2,3,0,3,40.0,21.0,0.0
2022-12-07,2022-12,Mié,False,False,Cold coffee,Beverages,40.0,14.0,0,0.0,0,0,0,0,0,0.0,0.0,0.0
2022-12-07,2022-12,Mié,False,False,Frankie,Fastfood,50.0,17.5,0,2.25,3,0,3,0,3,0.0,52.5,0.0
2022-12-07,2022-12,Mié,False,False,Panipuri,Fastfood,20.0,7.0,0,6.0,7,0,7,0,7,0.0,49.0,0.0
2022-12-07,2022-12,Mié,False,False,Sandwich,Fastfood,60.0,21.0,0,0.0,0,0,0,0,0,0.0,0.0,0.0
2022-12-07,2022-12,Mié,False,False,Sugarcane juice,Beverages,25.0,8.75,9,2.5,3,3,0,6,6,75.0,0.0,150.0
2022-12-07,2022-12,Mié,False,False,Vadapav,Fastfood,20.0,7.0,14,2.5,3,3,0,11,11,60.0,0.0,220.0
2022-12-08,2022-12,Jue,False,False,Aalopuri,Fastfood,20.0,7.0,0,0.0,0,0,0,0,0,0.0,0.0,0.0
2022-12-08,2022-12,Jue,False,False,Cold coffee,Beverages,40.0,14.0,13,5.75,7,7,0,6,6,280.0,0.0,240.0
2022-12-08,2022-12,Jue,False,False,Frankie,Fastfood,50.0,17.5,0,4.25,5,0,5,0,5,0.0,87.5,0.0
2022-12-08,2022-12,Jue,False,False,Panipuri,Fastfood,20.0,7.0,0,5.75,7,0,7,0,7,0.0,49.0,0.0
2022-12-08,2022-12,Jue,False,False,Sandwich,Fastfood,60.0,21.0,0,4.0,5,0,5,0,5,0.0,105.0,0.0
2022-12-08,2022-12,Jue,False,False,Sugarcane juice,Beverages,25.0,8.75,0,0.0,0,0,0,0,0,0.0,0.0,0.0
2022-12-08,2022-12,Jue,False,False,Vadapav,Fastfood,20.0,7.0,0,4.0,5,0,5,0,5,0.0,35.0,0.0
2022-12-09,2022-12,Vie,False,False,Aalopuri,Fastfood,20.0,7.0,8,0.0,0,0,0,8,8,0.0,0.0,160.0
2022-12-09,2022-12,Vie,False,False,Cold coffee,Beverages,40.0,14.0,9,5.25,6,6,0,3,3,240.0,0.0,120.0
2022-12-09,2022-12,Vie,False,False,Frankie,Fastfood,50.0,17.5,9,1.0,2,2,0,7,7,100.0,0.0,350.0
2022-12-09,2022-12,Vie,False,False,Panipuri,Fastfood,20.0,7.0,0,9.75,11,0,11,0,11,0.0,77.0,0.0
2022-12-09,2022-12,Vie,False,False,Sandwich,Fastfood,60.0,21.0,0,4.75,6,0,6,0,6,0.0,126.0,0.0
2022-12-09,2022-12,Vie,False,False,Sugarcane juice,Beverages,25.0,8.75,0,3.5,4,0,4,0,4,0.0,35.0,0.0
2022-12-09,2022-12,Vie,False,False,Vadapav,Fastfood,20.0,7.0,0,0.0,0,0,0,0,0,0.0,0.0,0.0
2022-12-10,2022-12,Sáb,True,False,Aalopuri,Fastfood,20.0,7.0,0,0.25,1,0,1,0,1,0.0,7.0,0.0
2022-12-10,2022-12,Sáb,True,False,Cold coffee,Beverages,40.0,14.0,0,4.5,5,0,5,0,5,0.0,70.0,0.0
2022-12-10,2022-12,Sáb,True,False,Frankie,Fastfood,50.0,17.5,0,7.75,9,0,9,0,9,0.0,157.5,0.0
2022-12-10,2022-12,Sáb,True,False,Panipuri,Fastfood,20.0,7.0,0,7.5,9,0,9,0,9,0.0,63.0,0.0
2022-12-10,2022-12,Sáb,True,False,Sandwich,Fastfood,60.0,21.0,1,0.75,1,1,0,0,0,60.0,0.0,0.0
2022-12-10,2022-12,Sáb,True,False,Sugarcane juice,Beverages,25.0,8.75,8,3.5,4,4,0,4,4,100.0,0.0,100.0
2022-12-10,2022-12,Sáb,True,False,Vadapav,Fastfood,20.0,7.0,0,0.0,0,0,0,0,0,0.0,0.0,0.0
2022-12-11,2022-12,Dom,True,False,Aalopuri,Fastfood,20.0,7.0,0,1.0,2,0,2,0,2,0.0,14.0,0.0
2022-12-11,2022-12,Dom,True,False,Cold coffee,Beverages,40.0,14.0,0,6.5,8,0,8,0,8,0.0,112.0,0.0
2022-12-11,2022-12,Dom,True,False,Frankie,Fastfood,50.0,17.5,0,7.5,9,0,9,0,9,0.0,157.5,0.0
2022-12-11,2022-12,Dom,True,False,Panipuri,Fastfood,20.0,7.0,0,3.0,4,0,4,0,4,0.0,28.0,0.0
2022-12-11,2022-12,Dom,True,False,Sandwich,Fastfood,60.0,21.0,10,0.0,0,0,0,10,10,0.0,0.0,600.0
2022-12-11,2022-12,Dom,True,False,Sugarcane juice,Beverages,25.0,8.75,0,7.5,9,0,9,0,9,0.0,78.75,0.0
2022-12-11,2022-12,Dom,True,False,Vadapav,Fastfood,20.0,7.0,0,0.25,1,0,1,0,1,0.0,7.0,0.0
2022-12-12,2022-12,Lun,False,False,Aalopuri,Fastfood,20.0,7.0,21,4.75,6,6,0,15,15,120.0,0.0,300.0
2022-12-12,2022-12,Lun,False,False,Cold coffee,Beverages,40.0,14.0,0,3.75,5,0,5,0,5,0.0,70.0,0.0
2022-12-12,2022-12,Lun,False,False,Frankie,Fastfood,50.0,17.5,0,0.0,0,0,0,0,0,0.0,0.0,0.0
2022-12-12,2022-12,Lun,False,False,Panipuri,Fastfood,20.0,7.0,10,0.0,0,0,0,10,10,0.0,0.0,200.0
2022-12-12,2022-12,Lun,False,False,Sandwich,Fastfood,60.0,21.0,0,1.5,2,0,2,0,2,0.0,42.0,0.0
2022-12-12,2022-12,Lun,False,False,Sugarcane juice,Beverages,25.0,8.75,0,0.5,1,0,1,0,1,0.0,8.75,0.0
2022-12-12,2022-12,Lun,False,False,Vadapav,Fastfood,20.0,7.0,0,7.5,9,0,9,0,9,0.0,63.0,0.0
2022-12-13,2022-12,Mar,False,False,Aalopuri,Fastfood,20.0,7.0,0,0.0,0,0,0,0,0,0.0,0.0,0.0
2022-12-13,2022-12,Mar,False,False,Cold coffee,Beverages,40.0,14.0,0,6.0,7,0,7,0,7,0.0,98.0,0.0
2022-12-13,2022-12,Mar,False,False,Frankie,Fastfood,50.0,17.5,15,5.25,6,6,0,9,9,300.0,0.0,450.0
2022-12-13,2022-12,Mar,False,False,Panipuri,Fastfood,20.0,7.0,0,0.0,0,0,0,0,0,0.0,0.0,0.0
2022-12-13,2022-12,Mar,False,False,Sandwich,Fastfood,60.0,21.0,0,5.0,6,0,6,0,6,0.0,126.0,0.0
2022-12-13,2022-12,Mar,False,False,Sugarcane juice,Beverages,25.0,8.75,10,4.75,6,6,0,4,4,150.0,0.0,100.0
2022-12-13,2022-12,Mar,False,False,Vadapav,Fastfood,20.0,7.0,3,0.0,0,0,0,3,3,0.0,0.0,60.0
2022-12-14,2022-12,Mié,False,False,Aalopuri,Fastfood,20.0,7.0,14,4.25,5,5,0,9,9,100.0,0.0,180.0
2022-12-14,2022-12,Mié,False,False,Cold coffee,Beverages,40.0,14.0,0,0.0,0,0,0,0,0,0.0,0.0,0.0
2022-12-14,2022-12,Mié,False,False,Frankie,Fastfood,50.0,17.5,0,2.25,3,0,3,0,3,0.0,52.5,0.0
2022-12-14,2022-12,Mié,False,False,Panipuri,Fastfood,20.0,7.0,13,5.75,7,7,0,6,6,140.0,0.0,120.0
2022-12-14,2022-12,Mié,False,False,Sandwich,Fastfood,60.0,21.0,15,0.0,0,0,0,15,15,0.0,0.0,900.0
2022-12-14,2022-12,Mié,False,False,Sugarcane juice,Beverages,25.0,8.75,14,4.75,6,6,0,8,8,150.0,0.0,200.0
2022-12-14,2022-12,Mié,False,False,Vadapav,Fastfood,20.0,7.0,6,6.0,7,6,1,0,1,120.0,7.0,0.0
2022-12-15,2022-12,Jue,False,True,Aalopuri,Fastfood,20.0,7.0,0,0.0,0,0,0,0,0,0.0,0.0,0.0
2022-12-15,2022-12,Jue,False,True,Cold coffee,Beverages,40.0,14.0,0,9.0,10,0,10,0,10,0.0,140.0,0.0
2022-12-15,2022-12,Jue,False,True,Frankie,Fastfood,50.0,17.5,0,2.0,3,0,3,0,3,0.0,52.5,0.0
2022-12-15,2022-12,Jue,False,True,Panipuri,Fastfood,20.0,7.0,7,5.75,7,7,0,0,0,140.0,0.0,0.0
2022-12-15,2022-12,Jue,False,True,Sandwich,Fastfood,60.0,21.0,0,3.5,4,0,4,0,4,0.0,84.0,0.0
2022-12-15,2022-12,Jue,False,True,Sugarcane juice,Beverages,25.0,8.75,0,0.0,0,0,0,0,0,0.0,0.0,0.0
2022-12-15,2022-12,Jue,False,True,Vadapav,Fastfood,20.0,7.0,13,4.0,5,5,0,8,8,100.0,0.0,160.0
2022-12-16,2022-12,Vie,False,True,Aalopuri,Fastfood,20.0,7.0,5,2.0,3,3,0,2,2,60.0,0.0,40.0
2022-12-16,2022-12,Vie,False,True,Cold coffee,Beverages,40.0,14.0,0,7.5,9,0,9,0,9,0.0,126.0,0.0
2022-12-16,2022-12,Vie,False,True,Frankie,Fastfood,50.0,17.5,0,3.25,4,0,4,0,4,0.0,70.0,0.0
2022-12-16,2022-12,Vie,False,True,Panipuri,Fastfood,20.0,7.0,2,3.5,4,2,2,0,2,40.0,14.0,0.0
2022-12-16,2022-12,Vie,False,True,Sandwich,Fastfood,60.0,21.0,0,4.75,6,0,6,0,6,0.0,126.0,0.0
2022-12-16,2022-12,Vie,False,True,Sugarcane juice,Beverages,25.0,8.75,0,3.5,4,0,4,0,4,0.0,35.0,0.0
2022-12-16,2022-12,Vie,False,True,Vadapav,Fastfood,20.0,7.0,0,0.0,0,0,0,0,0,0.0,0.0,0.0
2022-12-17,2022-12,Sáb,True,False,Aalopuri,Fastfood,20.0,7.0,0,0.25,1,0,1,0,1,0.0,7.0,0.0
2022-12-17,2022-12,Sáb,True,False,Cold coffee,Beverages,40.0,14.0,2,2.75,4,2,2,0,2,80.0,28.0,0.0
2022-12-17,2022-12,Sáb,True,False,Frankie,Fastfood,50.0,17.5,0,7.75,9,0,9,0,9,0.0,157.5,0.0
2022-12-17,2022-12,Sáb,True,False,Panipuri,Fastfood,20.0,7.0,14,4.75,6,6,0,8,8,120.0,0.0,160.0
2022-12-17,2022-12,Sáb,True,False,Sandwich,Fastfood,60.0,21.0,13,0.25,1,1,0,12,12,60.0,0.0,720.0
2022-12-17,2022-12,Sáb,True,False,Sugarcane juice,Beverages,25.0,8.75,0,5.5,7,0,7,0,7,0.0,61.25,0.0
2022-12-17,2022-12,Sáb,True,False,Vadapav,Fastfood,20.0,7.0,3,0.0,0,0,0,3,3,0.0,0.0,60.0
2022-12-18,2022-12,Dom,True,False,Aalopuri,Fastfood,20.0,7.0,0,1.0,2,0,2,0,2,0.0,14.0,0.0
2022-12-18,2022-12,Dom,True,False,Cold coffee,Beverages,40.0,14.0,0,3.75,5,0,5,0,5,0.0,70.0,0.0
2022-12-18,2022-12,Dom,True,False,Frankie,Fastfood,50.0,17.5,0,4.75,6,0,6,0,6,0.0,105.0,0.0
2022-12-18,2022-12,Dom,True,False,Panipuri,Fastfood,20.0,7.0,0,3.0,4,0,4,0,4,0.0,28.0,0.0
2022-12-18,2022-12,Dom,True,False,Sandwich,Fastfood,60.0,21.0,0,2.5,3,0,3,0,3,0.0,63.0,0.0
2022-12-18,2022-12,Dom,True,False,Sugarcane juice,Beverages,25.0,8.75,0,7.5,9,0,9,0,9,0.0,78.75,0.0
2022-12-18,2022-12,Dom,True,False,Vadapav,Fastfood,20.0,7.0,10,0.25,1,1,0,9,9,20.0,0.0,180.0
2022-12-19,2022-12,Lun,False,False,Aalopuri,Fastfood,20.0,7.0,0,10.0,11,0,11,0,11,0.0,77.0,0.0
2022-12-19,2022-12,Lun,False,False,Cold coffee,Beverages,40.0,14.0,0,3.75,5,0,5,0,5,0.0,70.0,0.0
2022-12-19,2022-12,Lun,False,False,Frankie,Fastfood,50.0,17.5,0,0.0,0,0,0,0,0,0.0,0.0,0.0
2022-12-19,2022-12,Lun,False,False,Panipuri,Fastfood,20.0,7.0,0,2.5,3,0,3,0,3,0.0,21.0,0.0
2022-12-19,2022-12,Lun,False,False,Sandwich,Fastfood,60.0,21.0,0,1.5,2,0,2,0,2,0.0,42.0,0.0
2022-12-19,2022-12,Lun,False,False,Sugarcane juice,Beverages,25.0,8.75,0,0.25,1,0,1,0,1,0.0,8.75,0.0
2022-12-19,2022-12,Lun,False,False,Vadapav,Fastfood,20.0,7.0,2,5.0,6,2,4,0,4,40.0,28.0,0.0
2022-12-20,2022-12,Mar,False,False,Aalopuri,Fastfood,20.0,7.0,5,0.0,0,0,0,5,5,0.0,0.0,100.0
2022-12-20,2022-12,Mar,False,False,Cold coffee,Beverages,40.0,14.0,0,2.25,3,0,3,0,3,0.0,42.0,0.0
2022-12-20,2022-12,Mar,False,False,Frankie,Fastfood,50.0,17.5,0,7.5,9,0,9,0,9,0.0,157.5,0.0
2022-12-20,2022-12,Mar,False,False,Panipuri,Fastfood,20.0,7.0,0,0.0,0,0,0,0,0,0.0,0.0,0.0
2022-12-20,2022-12,Mar,False,False,Sandwich,Fastfood,60.0,21.0,0,5.0,6,0,6,0,6,0.0,126.0,0.0
2022-12-20,2022-12,Mar,False,False,Sugarcane juice,Beverages,25.0,8.75,0,5.75,7,0,7,0,7,0.0,61.25,0.0
2022-12-20,2022-12,Mar,False,False,Vadapav,Fastfood,20.0,7.0,0,0.75,1,0,1,0,1,0.0,7.0,0.0
2022-12-21,2022-12,Mié,False,False,Aalopuri,Fastfood,20.0,7.0,10,7.75,9,9,0,1,1,180.0,0.0,20.0
2022-12-21,2022-12,Mié,False,False,Cold coffee,Beverages,40.0,14.0,28,0.0,0,0,0,28,28,0.0,0.0,1120.0
2022-12-21,2022-12,Mié,False,False,Frankie,Fastfood,50.0,17.5,0,2.25,3,0,3,0,3,0.0,52.5,0.0
2022-12-21,2022-12,Mié,False,False,Panipuri,Fastfood,20.0,7.0,0,8.5,10,0,10,0,10,0.0,70.0,0.0
2022-12-21,2022-12,Mié,False,False,Sandwich,Fastfood,60.0,21.0,0,3.75,5,0,5,0,5,0.0,105.0,0.0
2022-12-21,2022-12,Mié,False,False,Sugarcane juice,Beverages,25.0,8.75,0,8.25,10,0,10,0,10,0.0,87.5,0.0
2022-12-21,2022-12,Mié,False,False,Vadapav,Fastfood,20.0,7.0,0,5.0,6,0,6,0,6,0.0,42.0,0.0
2022-12-22,2022-12,Jue,False,False,Aalopuri,Fastfood,20.0,7.0,0,0.0,0,0,0,0,0,0.0,0.0,0.0
2022-12-22,2022-12,Jue,False,False,Cold coffee,Beverages,40.0,14.0,0,4.0,5,0,5,0,5,0.0,70.0,0.0
2022-12-22,2022-12,Jue,False,False,Frankie,Fastfood,50.0,17.5,0,2.0,3,0,3,0,3,0.0,52.5,0.0
2022-12-22,2022-12,Jue,False,False,Panipuri,Fastfood,20.0,7.0,25,1.75,2,2,0,23,23,40.0,0.0,460.0
2022-12-22,2022-12,Jue,False,False,Sandwich,Fastfood,60.0,21.0,12,3.5,4,4,0,8,8,240.0,0.0,480.0
2022-12-22,2022-12,Jue,False,False,Sugarcane juice,Beverages,25.0,8.75,0,0.0,0,0,0,0,0,0.0,0.0,0.0
2022-12-22,2022-12,Jue,False,False,Vadapav,Fastfood,20.0,7.0,0,7.25,8,0,8,0,8,0.0,56.0,0.0
2022-12-23,2022-12,Vie,False,False,Aalopuri,Fastfood,20.0,7.0,14,3.25,4,4,0,10,10,80.0,0.0,200.0
2022-12-23,2022-12,Vie,False,False,Cold coffee,Beverages,40.0,14.0,17,7.5,9,9,0,8,8,360.0,0.0,320.0
2022-12-23,2022-12,Vie,False,False,Frankie,Fastfood,50.0,17.5,0,3.25,4,0,4,0,4,0.0,70.0,0.0
2022-12-23,2022-12,Vie,False,False,Panipuri,Fastfood,20.0,7.0,0,0.5,1,0,1,0,1,0.0,7.0,0.0
2022-12-23,2022-12,Vie,False,False,Sandwich,Fastfood,60.0,21.0,0,3.75,5,0,5,0,5,0.0,105.0,0.0
2022-12-23,2022-12,Vie,False,False,Sugarcane juice,Beverages,25.0,8.75,0,3.5,4,0,4,0,4,0.0,35.0,0.0
2022-12-23,2022-12,Vie,False,False,Vadapav,Fastfood,20.0,7.0,0,0.0,0,0,0,0,0,0.0,0.0,0.0
2022-12-24,2022-12,Sáb,True,False,Aalopuri,Fastfood,20.0,7.0,0,0.25,1,0,1,0,1,0.0,7.0,0.0
2022-12-24,2022-12,Sáb,True,False,Cold coffee,Beverages,40.0,14.0,0,3.25,4,0,4,0,4,0.0,56.0,0.0
2022-12-24,2022-12,Sáb,True,False,Frankie,Fastfood,50.0,17.5,0,1.75,2,0,2,0,2,0.0,35.0,0.0
2022-12-24,2022-12,Sáb,True,False,Panipuri,Fastfood,20.0,7.0,6,8.25,10,6,4,0,4,120.0,28.0,0.0
2022-12-24,2022-12,Sáb,True,False,Sandwich,Fastfood,60.0,21.0,0,3.5,4,0,4,0,4,0.0,84.0,0.0
2022-12-24,2022-12,Sáb,True,False,Sugarcane juice,Beverages,25.0,8.75,8,5.5,7,7,0,1,1,175.0,0.0,25.0
2022-12-24,2022-12,Sáb,True,False,Vadapav,Fastfood,20.0,7.0,9,0.75,1,1,0,8,8,20.0,0.0,160.0
2022-12-25,2022-12,Dom,True,False,Aalopuri,Fastfood,20.0,7.0,0,0.5,1,0,1,0,1,0.0,7.0,0.0
2022-12-25,2022-12,Dom,True,False,Cold coffee,Beverages,40.0,14.0,10,3.75,5,5,0,5,5,200.0,0.0,200.0
2022-12-25,2022-12,Dom,True,False,Frankie,Fastfood,50.0,17.5,5,4.75,6,5,1,0,1,250.0,17.5,0.0
2022-12-25,2022-12,Dom,True,False,Panipuri,Fastfood,20.0,7.0,0,0.0,0,0,0,0,0,0.0,0.0,0.0
2022-12-25,2022-12,Dom,True,False,Sandwich,Fastfood,60.0,21.0,0,2.5,3,0,3,0,3,0.0,63.0,0.0
2022-12-25,2022-12,Dom,True,False,Sugarcane juice,Beverages,25.0,8.75,24,7.5,9,9,0,15,15,225.0,0.0,375.0
2022-12-25,2022-12,Dom,True,False,Vadapav,Fastfood,20.0,7.0,14,2.5,3,3,0,11,11,60.0,0.0,220.0
2022-12-26,2022-12,Lun,False,False,Aalopuri,Fastfood,20.0,7.0,0,8.75,10,0,10,0,10,0.0,70.0,0.0
2022-12-26,2022-12,Lun,False,False,Cold coffee,Beverages,40.0,14.0,20,3.75,5,5,0,15,15,200.0,0.0,600.0
2022-12-26,2022-12,Lun,False,False,Frankie,Fastfood,50.0,17.5,0,0.0,0,0,0,0,0,0.0,0.0,0.0
2022-12-26,2022-12,Lun,False,False,Panipuri,Fastfood,20.0,7.0,0,2.5,3,0,3,0,3,0.0,21.0,0.0
2022-12-26,2022-12,Lun,False,False,Sandwich,Fastfood,60.0,21.0,0,1.5,2,0,2,0,2,0.0,42.0,0.0
2022-12-26,2022-12,Lun,False,False,Sugarcane juice,Beverages,25.0,8.75,0,0.25,1,0,1,0,1,0.0,8.75,0.0
2022-12-26,2022-12,Lun,False,False,Vadapav,Fastfood,20.0,7.0,0,5.5,7,0,7,0,7,0.0,49.0,0.0
2022-12-27,2022-12,Mar,False,False,Aalopuri,Fastfood,20.0,7.0,0,1.25,2,0,2,0,2,0.0,14.0,0.0
2022-12-27,2022-12,Mar,False,False,Cold coffee,Beverages,40.0,14.0,11,0.0,0,0,0,11,11,0.0,0.0,440.0
2022-12-27,2022-12,Mar,False,False,Frankie,Fastfood,50.0,17.5,0,7.5,9,0,9,0,9,0.0,157.5,0.0
2022-12-27,2022-12,Mar,False,False,Panipuri,Fastfood,20.0,7.0,0,0.0,0,0,0,0,0,0.0,0.0,0.0
2022-12-27,2022-12,Mar,False,False,Sandwich,Fastfood,60.0,21.0,0,2.5,3,0,3,0,3,0.0,63.0,0.0
2022-12-27,2022-12,Mar,False,False,Sugarcane juice,Beverages,25.0,8.75,9,5.75,7,7,0,2,2,175.0,0.0,50.0
2022-12-27,2022-12,Mar,False,False,Vadapav,Fastfood,20.0,7.0,3,0.75,1,1,0,2,2,20.0,0.0,40.0
2022-12-28,2022-12,Mié,False,False,Aalopuri,Fastfood,20.0,7.0,2,6.5,8,2,6,0,6,40.0,42.0,0.0
2022-12-28,2022-12,Mié,False,False,Cold coffee,Beverages,40.0,14.0,1,7.0,8,1,7,0,7,40.0,98.0,0.0
2022-12-28,2022-12,Mié,False,False,Frankie,Fastfood,50.0,17.5,0,0.0,0,0,0,0,0,0.0,0.0,0.0
2022-12-28,2022-12,Mié,False,False,Panipuri,Fastfood,20.0,7.0,28,5.75,7,7,0,21,21,140.0,0.0,420.0
2022-12-28,2022-12,Mié,False,False,Sandwich,Fastfood,60.0,21.0,0,3.75,5,0,5,0,5,0.0,105.0,0.0
2022-12-28,2022-12,Mié,False,False,Sugarcane juice,Beverages,25.0,8.75,7,8.25,10,7,3,0,3,175.0,26.25,0.0
2022-12-28,2022-12,Mié,False,False,Vadapav,Fastfood,20.0,7.0,0,5.0,6,0,6,0,6,0.0,42.0,0.0
2022-12-29,2022-12,Jue,False,False,Aalopuri,Fastfood,20.0,7.0,4,0.0,0,0,0,4,4,0.0,0.0,80.0
2022-12-29,2022-12,Jue,False,False,Cold coffee,Beverages,40.0,14.0,0,3.25,4,0,4,0,4,0.0,56.0,0.0
2022-12-29,2022-12,Jue,False,False,Frankie,Fastfood,50.0,17.5,0,2.0,3,0,3,0,3,0.0,52.5,0.0
2022-12-29,2022-12,Jue,False,False,Panipuri,Fastfood,20.0,7.0,25,8.0,9,9,0,16,16,180.0,0.0,320.0
2022-12-29,2022-12,Jue,False,False,Sandwich,Fastfood,60.0,21.0,0,4.75,6,0,6,0,6,0.0,126.0,0.0
2022-12-29,2022-12,Jue,False,False,Sugarcane juice,Beverages,25.0,8.75,14,0.0,0,0,0,14,14,0.0,0.0,350.0
2022-12-29,2022-12,Jue,False,False,Vadapav,Fastfood,20.0,7.0,0,4.75,6,0,6,0,6,0.0,42.0,0.0
2022-12-30,2022-12,Vie,False,False,Aalopuri,Fastfood,20.0,7.0,0,6.75,8,0,8,0,8,0.0,56.0,0.0
2022-12-30,2022-12,Vie,False,False,Cold coffee,Beverages,40.0,14.0,0,8.0,9,0,9,0,9,0.0,126.0,0.0
2022-12-30,2022-12,Vie,False,False,Frankie,Fastfood,50.0,17.5,0,2.25,3,0,3,0,3,0.0,52.5,0.0
2022-12-30,2022-12,Vie,False,False,Panipuri,Fastfood,20.0,7.0,0,0.5,1,0,1,0,1,0.0,7.0,0.0
2022-12-30,2022-12,Vie,False,False,Sandwich,Fastfood,60.0,21.0,0,3.75,5,0,5,0,5,0.0,105.0,0.0
2022-12-30,2022-12,Vie,False,False,Sugarcane juice,Beverages,25.0,8.75,14,3.5,4,4,0,10,10,100.0,0.0,250.0
2022-12-30,2022-12,Vie,False,False,Vadapav,Fastfood,20.0,7.0,0,0.0,0,0,0,0,0,0.0,0.0,0.0
2022-12-31,2022-12,Sáb,True,True,Aalopuri,Fastfood,20.0,7.0,0,0.25,1,0,1,0,1,0.0,7.0,0.0
2022-12-31,2022-12,Sáb,True,True,Cold coffee,Beverages,40.0,14.0,13,0.5,1,1,0,12,12,40.0,0.0,480.0
2022-12-31,2022-12,Sáb,True,True,Frankie,Fastfood,50.0,17.5,0,0.0,0,0,0,0,0,0.0,0.0,0.0
2022-12-31,2022-12,Sáb,True,True,Panipuri,Fastfood,20.0,7.0,0,7.25,8,0,8,0,8,0.0,56.0,0.0
2022-12-31,2022-12,Sáb,True,True,Sandwich,Fastfood,60.0,21.0,0,3.5,4,0,4,0,4,0.0,84.0,0.0
2022-12-31,2022-12,Sáb,True,True,Sugarcane juice,Beverages,25.0,8.75,0,7.5,9,0,9,0,9,0.0,78.75,0.0
2022-12-31,2022-12,Sáb,True,True,Vadapav,Fastfood,20.0,7.0,0,3.0,4,0,4,0,4,0.0,28.0,0.0
2023-01-01,2023-01,Dom,True,True,Aalopuri,Fastfood,20.0,7.0,15,0.5,1,1,0,14,14,20.0,0.0,280.0
2023-01-01,2023-01,Dom,True,True,Cold coffee,Beverages,40.0,14.0,0,6.25,7,0,7,0,7,0.0,98.0,0.0
2023-01-01,2023-01,Dom,True,True,Frankie,Fastfood,50.0,17.5,0,6.0,7,0,7,0,7,0.0,122.5,0.0
2023-01-01,2023-01,Dom,True,True,Panipuri,Fastfood,20.0,7.0,0,0.0,0,0,0,0,0,0.0,0.0,0.0
2023-01-01,2023-01,Dom,True,True,Sandwich,Fastfood,60.0,21.0,13,2.5,3,3,0,10,10,180.0,0.0,600.0
2023-01-01,2023-01,Dom,True,True,Sugarcane juice,Beverages,25.0,8.75,0,7.75,9,0,9,0,9,0.0,78.75,0.0
2023-01-01,2023-01,Dom,True,True,Vadapav,Fastfood,20.0,7.0,0,6.0,7,0,7,0,7,0.0,49.0,0.0
2023-01-02,2023-01,Lun,False,False,Aalopuri,Fastfood,20.0,7.0,12,5.25,6,6,0,6,6,120.0,0.0,120.0
2023-01-02,2023-01,Lun,False,False,Cold coffee,Beverages,40.0,14.0,15,6.5,8,8,0,7,7,320.0,0.0,280.0
2023-01-02,2023-01,Lun,False,False,Frankie,Fastfood,50.0,17.5,0,0.0,0,0,0,0,0,0.0,0.0,0.0
2023-01-02,2023-01,Lun,False,False,Panipuri,Fastfood,20.0,7.0,0,2.5,3,0,3,0,3,0.0,21.0,0.0
2023-01-02,2023-01,Lun,False,False,Sandwich,Fastfood,60.0,21.0,0,0.0,0,0,0,0,0,0.0,0.0,0.0
2023-01-02,2023-01,Lun,False,False,Sugarcane juice,Beverages,25.0,8.75,17,0.0,0,0,0,17,17,0.0,0.0,425.0
2023-01-02,2023-01,Lun,False,False,Vadapav,Fastfood,20.0,7.0,0,3.5,4,0,4,0,4,0.0,28.0,0.0
2023-01-03,2023-01,Mar,False,False,Aalopuri,Fastfood,20.0,7.0,0,1.25,2,0,2,0,2,0.0,14.0,0.0
2023-01-03,2023-01,Mar,False,False,Cold coffee,Beverages,40.0,14.0,8,2.75,4,4,0,4,4,160.0,0.0,160.0
2023-01-03,2023-01,Mar,False,False,Frankie,Fastfood,50.0,17.5,13,3.75,5,5,0,8,8,250.0,0.0,400.0
2023-01-03,2023-01,Mar,False,False,Panipuri,Fastfood,20.0,7.0,0,0.0,0,0,0,0,0,0.0,0.0,0.0
2023-01-03,2023-01,Mar,False,False,Sandwich,Fastfood,60.0,21.0,10,0.0,0,0,0,10,10,0.0,0.0,600.0
2023-01-03,2023-01,Mar,False,False,Sugarcane juice,Beverages,25.0,8.75,11,4.75,6,6,0,5,5,150.0,0.0,125.0
2023-01-03,2023-01,Mar,False,False,Vadapav,Fastfood,20.0,7.0,8,1.5,2,2,0,6,6,40.0,0.0,120.0
2023-01-04,2023-01,Mié,False,False,Aalopuri,Fastfood,20.0,7.0,0,7.0,8,0,8,0,8,0.0,56.0,0.0
2023-01-04,2023-01,Mié,False,False,Cold coffee,Beverages,40.0,14.0,0,7.25,8,0,8,0,8,0.0,112.0,0.0
2023-01-04,2023-01,Mié,False,False,Frankie,Fastfood,50.0,17.5,0,0.0,0,0,0,0,0,0.0,0.0,0.0
2023-01-04,2023-01,Mié,False,False,Panipuri,Fastfood,20.0,7.0,13,10.25,12,12,0,1,1,240.0,0.0,20.0
2023-01-04,2023-01,Mié,False,False,Sandwich,Fastfood,60.0,21.0,15,3.75,5,5,0,10,10,300.0,0.0,600.0
2023-01-04,2023-01,Mié,False,False,Sugarcane juice,Beverages,25.0,8.75,10,7.5,9,9,0,1,1,225.0,0.0,25.0
2023-01-04,2023-01,Mié,False,False,Vadapav,Fastfood,20.0,7.0,3,5.0,6,3,3,0,3,60.0,21.0,0.0
2023-01-05,2023-01,Jue,False,False,Aalopuri,Fastfood,20.0,7.0,1,1.0,2,1,1,0,1,20.0,7.0,0.0
2023-01-05,2023-01,Jue,False,False,Cold coffee,Beverages,40.0,14.0,0,3.25,4,0,4,0,4,0.0,56.0,0.0
2023-01-05,2023-01,Jue,False,False,Frankie,Fastfood,50.0,17.5,35,0.0,0,0,0,35,35,0.0,0.0,1750.0
2023-01-05,2023-01,Jue,False,False,Panipuri,Fastfood,20.0,7.0,0,14.25,16,0,16,0,16,0.0,112.0,0.0
2023-01-05,2023-01,Jue,False,False,Sandwich,Fastfood,60.0,21.0,11,3.0,4,4,0,7,7,240.0,0.0,420.0
2023-01-05,2023-01,Jue,False,False,Sugarcane juice,Beverages,25.0,8.75,0,3.5,4,0,4,0,4,0.0,35.0,0.0
2023-01-05,2023-01,Jue,False,False,Vadapav,Fastfood,20.0,7.0,0,3.25,4,0,4,0,4,0.0,28.0,0.0
2023-01-06,2023-01,Vie,False,False,Aalopuri,Fastfood,20.0,7.0,0,6.75,8,0,8,0,8,0.0,56.0,0.0
2023-01-06,2023-01,Vie,False,False,Cold coffee,Beverages,40.0,14.0,10,6.5,8,8,0,2,2,320.0,0.0,80.0
2023-01-06,2023-01,Vie,False,False,Frankie,Fastfood,50.0,17.5,6,2.25,3,3,0,3,3,150.0,0.0,150.0
2023-01-06,2023-01,Vie,False,False,Panipuri,Fastfood,20.0,7.0,0,0.5,1,0,1,0,1,0.0,7.0,0.0
2023-01-06,2023-01,Vie,False,False,Sandwich,Fastfood,60.0,21.0,12,0.0,0,0,0,12,12,0.0,0.0,720.0
2023-01-06,2023-01,Vie,False,False,Sugarcane juice,Beverages,25.0,8.75,6,3.5,4,4,0,2,2,100.0,0.0,50.0
2023-01-06,2023-01,Vie,False,False,Vadapav,Fastfood,20.0,7.0,0,0.0,0,0,0,0,0,0.0,0.0,0.0
2023-01-07,2023-01,Sáb,True,False,Aalopuri,Fastfood,20.0,7.0,0,0.0,0,0,0,0,0,0.0,0.0,0.0
2023-01-07,2023-01,Sáb,True,False,Cold coffee,Beverages,40.0,14.0,0,3.75,5,0,5,0,5,0.0,70.0,0.0
2023-01-07,2023-01,Sáb,True,False,Frankie,Fastfood,50.0,17.5,3,0.0,0,0,0,3,3,0.0,0.0,150.0
2023-01-07,2023-01,Sáb,True,False,Panipuri,Fastfood,20.0,7.0,1,5.0,6,1,5,0,5,20.0,35.0,0.0
2023-01-07,2023-01,Sáb,True,False,Sandwich,Fastfood,60.0,21.0,0,3.5,4,0,4,0,4,0.0,84.0,0.0
2023-01-07,2023-01,Sáb,True,False,Sugarcane juice,Beverages,25.0,8.75,0,4.0,5,0,5,0,5,0.0,43.75,0.0
2023-01-07,2023-01,Sáb,True,False,Vadapav,Fastfood,20.0,7.0,0,3.0,4,0,4,0,4,0.0,28.0,0.0
2023-01-08,2023-01,Dom,True,False,Aalopuri,Fastfood,20.0,7.0,0,3.75,5,0,5,0,5,0.0,35.0,0.0
2023-01-08,2023-01,Dom,True,False,Cold coffee,Beverages,40.0,14.0,0,2.5,3,0,3,0,3,0.0,42.0,0.0
2023-01-08,2023-01,Dom,True,False,Frankie,Fastfood,50.0,17.5,0,1.25,2,0,2,0,2,0.0,35.0,0.0
2023-01-08,2023-01,Dom,True,False,Panipuri,Fastfood,20.0,7.0,0,0.0,0,0,0,0,0,0.0,0.0,0.0
2023-01-08,2023-01,Dom,True,False,Sandwich,Fastfood,60.0,21.0,0,5.75,7,0,7,0,7,0.0,147.0,0.0
2023-01-08,2023-01,Dom,True,False,Sugarcane juice,Beverages,25.0,8.75,0,6.0,7,0,7,0,7,0.0,61.25,0.0
2023-01-08,2023-01,Dom,True,False,Vadapav,Fastfood,20.0,7.0,0,6.0,7,0,7,0,7,0.0,49.0,0.0
2023-01-09,2023-01,Lun,False,False,Aalopuri,Fastfood,20.0,7.0,0,8.25,10,0,10,0,10,0.0,70.0,0.0
2023-01-09,2023-01,Lun,False,False,Cold coffee,Beverages,40.0,14.0,0,8.75,10,0,10,0,10,0.0,140.0,0.0
2023-01-09,2023-01,Lun,False,False,Frankie,Fastfood,50.0,17.5,0,0.0,0,0,0,0,0,0.0,0.0,0.0
2023-01-09,2023-01,Lun,False,False,Panipuri,Fastfood,20.0,7.0,0,2.5,3,0,3,0,3,0.0,21.0,0.0
2023-01-09,2023-01,Lun,False,False,Sandwich,Fastfood,60.0,21.0,0,0.0,0,0,0,0,0,0.0,0.0,0.0
2023-01-09,2023-01,Lun,False,False,Sugarcane juice,Beverages,25.0,8.75,0,4.25,5,0,5,0,5,0.0,43.75,0.0
2023-01-09,2023-01,Lun,False,False,Vadapav,Fastfood,20.0,7.0,0,0.5,1,0,1,0,1,0.0,7.0,0.0
2023-01-10,2023-01,Mar,False,False,Aalopuri,Fastfood,20.0,7.0,0,1.25,2,0,2,0,2,0.0,14.0,0.0
2023-01-10,2023-01,Mar,False,False,Cold coffee,Beverages,40.0,14.0,7,4.75,6,6,0,1,1,240.0,0.0,40.0
2023-01-10,2023-01,Mar,False,False,Frankie,Fastfood,50.0,17.5,0,7.0,8,0,8,0,8,0.0,140.0,0.0
2023-01-10,2023-01,Mar,False,False,Panipuri,Fastfood,20.0,7.0,7,0.0,0,0,0,7,7,0.0,0.0,140.0
2023-01-10,2023-01,Mar,False,False,Sandwich,Fastfood,60.0,21.0,0,2.5,3,0,3,0,3,0.0,63.0,0.0
2023-01-10,2023-01,Mar,False,False,Sugarcane juice,Beverages,25.0,8.75,0,7.5,9,0,9,0,9,0.0,78.75,0.0
2023-01-10,2023-01,Mar,False,False,Vadapav,Fastfood,20.0,7.0,16,3.5,4,4,0,12,12,80.0,0.0,240.0
2023-01-11,2023-01,Mié,False,False,Aalopuri,Fastfood,20.0,7.0,0,6.5,8,0,8,0,8,0.0,56.0,0.0
2023-01-11,2023-01,Mié,False,False,Cold coffee,Beverages,40.0,14.0,0,7.25,8,0,8,0,8,0.0,112.0,0.0
2023-01-11,2023-01,Mié,False,False,Frankie,Fastfood,50.0,17.5,9,0.0,0,0,0,9,9,0.0,0.0,450.0
2023-01-11,2023-01,Mié,False,False,Panipuri,Fastfood,20.0,7.0,20,13.5,15,15,0,5,5,300.0,0.0,100.0
2023-01-11,2023-01,Mié,False,False,Sandwich,Fastfood,60.0,21.0,0,7.5,9,0,9,0,9,0.0,189.0,0.0
2023-01-11,2023-01,Mié,False,False,Sugarcane juice,Beverages,25.0,8.75,11,7.75,9,9,0,2,2,225.0,0.0,50.0
2023-01-11,2023-01,Mié,False,False,Vadapav,Fastfood,20.0,7.0,0,2.25,3,0,3,0,3,0.0,21.0,0.0
2023-01-12,2023-01,Jue,False,False,Aalopuri,Fastfood,20.0,7.0,13,1.25,2,2,0,11,11,40.0,0.0,220.0
2023-01-12,2023-01,Jue,False,False,Cold coffee,Beverages,40.0,14.0,0,0.0,0,0,0,0,0,0.0,0.0,0.0
2023-01-12,2023-01,Jue,False,False,Frankie,Fastfood,50.0,17.5,0,8.75,10,0,10,0,10,0.0,175.0,0.0
2023-01-12,2023-01,Jue,False,False,Panipuri,Fastfood,20.0,7.0,0,14.25,16,0,16,0,16,0.0,112.0,0.0
2023-01-12,2023-01,Jue,False,False,Sandwich,Fastfood,60.0,21.0,14,5.75,7,7,0,7,7,420.0,0.0,420.0
2023-01-12,2023-01,Jue,False,False,Sugarcane juice,Beverages,25.0,8.75,0,3.5,4,0,4,0,4,0.0,35.0,0.0
2023-01-12,2023-01,Jue,False,False,Vadapav,Fastfood,20.0,7.0,0,3.25,4,0,4,0,4,0.0,28.0,0.0
2023-01-13,2023-01,Vie,False,False,Aalopuri,Fastfood,20.0,7.0,0,4.75,6,0,6,0,6,0.0,42.0,0.0
2023-01-13,2023-01,Vie,False,False,Cold coffee,Beverages,40.0,14.0,0,6.75,8,0,8,0,8,0.0,112.0,0.0
2023-01-13,2023-01,Vie,False,False,Frankie,Fastfood,50.0,17.5,14,1.5,2,2,0,12,12,100.0,0.0,600.0
2023-01-13,2023-01,Vie,False,False,Panipuri,Fastfood,20.0,7.0,6,0.5,1,1,0,5,5,20.0,0.0,100.0
2023-01-13,2023-01,Vie,False,False,Sandwich,Fastfood,60.0,21.0,0,3.0,4,0,4,0,4,0.0,84.0,0.0
2023-01-13,2023-01,Vie,False,False,Sugarcane juice,Beverages,25.0,8.75,15,5.0,6,6,0,9,9,150.0,0.0,225.0
2023-01-13,2023-01,Vie,False,False,Vadapav,Fastfood,20.0,7.0,0,0.0,0,0,0,0,0,0.0,0.0,0.0
2023-01-14,2023-01,Sáb,True,False,Aalopuri,Fastfood,20.0,7.0,8,0.0,0,0,0,8,8,0.0,0.0,160.0
2023-01-14,2023-01,Sáb,True,False,Cold coffee,Beverages,40.0,14.0,13,3.75,5,5,0,8,8,200.0,0.0,320.0
2023-01-14,2023-01,Sáb,True,False,Frankie,Fastfood,50.0,17.5,0,0.75,1,0,1,0,1,0.0,17.5,0.0
2023-01-14,2023-01,Sáb,True,False,Panipuri,Fastfood,20.0,7.0,0,5.25,6,0,6,0,6,0.0,42.0,0.0
2023-01-14,2023-01,Sáb,True,False,Sandwich,Fastfood,60.0,21.0,0,3.25,4,0,4,0,4,0.0,84.0,0.0
2023-01-14,2023-01,Sáb,True,False,Sugarcane juice,Beverages,25.0,8.75,0,2.0,3,0,3,0,3,0.0,26.25,0.0
2023-01-14,2023-01,Sáb,True,False,Vadapav,Fastfood,20.0,7.0,0,3.0,4,0,4,0,4,0.0,28.0,0.0
2023-01-15,2023-01,Dom,True,True,Aalopuri,Fastfood,20.0,7.0,1,3.75,5,1,4,0,4,20.0,28.0,0.0
2023-01-15,2023-01,Dom,True,True,Cold coffee,Beverages,40.0,14.0,0,2.5,3,0,3,0,3,0.0,42.0,0.0
2023-01-15,2023-01,Dom,True,True,Frankie,Fastfood,50.0,17.5,0,1.25,2,0,2,0,2,0.0,35.0,0.0
2023-01-15,2023-01,Dom,True,True,Panipuri,Fastfood,20.0,7.0,0,0.0,0,0,0,0,0,0.0,0.0,0.0
2023-01-15,2023-01,Dom,True,True,Sandwich,Fastfood,60.0,21.0,0,3.25,4,0,4,0,4,0.0,84.0,0.0
2023-01-15,2023-01,Dom,True,True,Sugarcane juice,Beverages,25.0,8.75,12,6.0,7,7,0,5,5,175.0,0.0,125.0
2023-01-15,2023-01,Dom,True,True,Vadapav,Fastfood,20.0,7.0,0,6.0,7,0,7,0,7,0.0,49.0,0.0
2023-01-16,2023-01,Lun,False,True,Aalopuri,Fastfood,20.0,7.0,0,3.0,4,0,4,0,4,0.0,28.0,0.0
2023-01-16,2023-01,Lun,False,True,Cold coffee,Beverages,40.0,14.0,0,8.75,10,0,10,0,10,0.0,140.0,0.0
2023-01-16,2023-01,Lun,False,True,Frankie,Fastfood,50.0,17.5,2,0.0,0,0,0,2,2,0.0,0.0,100.0
2023-01-16,2023-01,Lun,False,True,Panipuri,Fastfood,20.0,7.0,17,0.0,0,0,0,17,17,0.0,0.0,340.0
2023-01-16,2023-01,Lun,False,True,Sandwich,Fastfood,60.0,21.0,23,0.0,0,0,0,23,23,0.0,0.0,1380.0
2023-01-16,2023-01,Lun,False,True,Sugarcane juice,Beverages,25.0,8.75,0,4.25,5,0,5,0,5,0.0,43.75,0.0
2023-01-16,2023-01,Lun,False,True,Vadapav,Fastfood,20.0,7.0,0,0.5,1,0,1,0,1,0.0,7.0,0.0
2023-01-17,2023-01,Mar,False,False,Aalopuri,Fastfood,20.0,7.0,0,1.25,2,0,2,0,2,0.0,14.0,0.0
2023-01-17,2023-01,Mar,False,False,Cold coffee,Beverages,40.0,14.0,0,6.5,8,0,8,0,8,0.0,112.0,0.0
2023-01-17,2023-01,Mar,False,False,Frankie,Fastfood,50.0,17.5,6,3.25,4,4,0,2,2,200.0,0.0,100.0
2023-01-17,2023-01,Mar,False,False,Panipuri,Fastfood,20.0,7.0,0,1.75,2,0,2,0,2,0.0,14.0,0.0
2023-01-17,2023-01,Mar,False,False,Sandwich,Fastfood,60.0,21.0,0,2.5,3,0,3,0,3,0.0,63.0,0.0
2023-01-17,2023-01,Mar,False,False,Sugarcane juice,Beverages,25.0,8.75,0,5.0,6,0,6,0,6,0.0,52.5,0.0
2023-01-17,2023-01,Mar,False,False,Vadapav,Fastfood,20.0,7.0,0,6.75,8,0,8,0,8,0.0,56.0,0.0
2023-01-18,2023-01,Mié,False,False,Aalopuri,Fastfood,20.0,7.0,0,3.0,4,0,4,0,4,0.0,28.0,0.0
2023-01-18,2023-01,Mié,False,False,Cold coffee,Beverages,40.0,14.0,0,7.25,8,0,8,0,8,0.0,112.0,0.0
2023-01-18,2023-01,Mié,False,False,Frankie,Fastfood,50.0,17.5,0,2.25,3,0,3,0,3,0.0,52.5,0.0
2023-01-18,2023-01,Mié,False,False,Panipuri,Fastfood,20.0,7.0,0,15.25,17,0,17,0,17,0.0,119.0,0.0
2023-01-18,2023-01,Mié,False,False,Sandwich,Fastfood,60.0,21.0,7,3.75,5,5,0,2,2,300.0,0.0,120.0
2023-01-18,2023-01,Mié,False,False,Sugarcane juice,Beverages,25.0,8.75,5,7.0,8,5,3,0,3,125.0,26.25,0.0
2023-01-18,2023-01,Mié,False,False,Vadapav,Fastfood,20.0,7.0,2,0.75,1,1,0,1,1,20.0,0.0,20.0
2023-01-19,2023-01,Jue,False,False,Aalopuri,Fastfood,20.0,7.0,0,4.5,5,0,5,0,5,0.0,35.0,0.0
2023-01-19,2023-01,Jue,False,False,Cold coffee,Beverages,40.0,14.0,0,0.0,0,0,0,0,0,0.0,0.0,0.0
2023-01-19,2023-01,Jue,False,False,Frankie,Fastfood,50.0,17.5,0,8.75,10,0,10,0,10,0.0,175.0,0.0
2023-01-19,2023-01,Jue,False,False,Panipuri,Fastfood,20.0,7.0,0,12.5,14,0,14,0,14,0.0,98.0,0.0
2023-01-19,2023-01,Jue,False,False,Sandwich,Fastfood,60.0,21.0,8,9.25,11,8,3,0,3,480.0,63.0,0.0
2023-01-19,2023-01,Jue,False,False,Sugarcane juice,Beverages,25.0,8.75,12,3.5,4,4,0,8,8,100.0,0.0,200.0
2023-01-19,2023-01,Jue,False,False,Vadapav,Fastfood,20.0,7.0,0,0.0,0,0,0,0,0,0.0,0.0,0.0
2023-01-20,2023-01,Vie,False,False,Aalopuri,Fastfood,20.0,7.0,0,3.5,4,0,4,0,4,0.0,28.0,0.0
2023-01-20,2023-01,Vie,False,False,Cold coffee,Beverages,40.0,14.0,2,6.75,8,2,6,0,6,80.0,84.0,0.0
2023-01-20,2023-01,Vie,False,False,Frankie,Fastfood,50.0,17.5,20,5.0,6,6,0,14,14,300.0,0.0,700.0
2023-01-20,2023-01,Vie,False,False,Panipuri,Fastfood,20.0,7.0,0,1.5,2,0,2,0,2,0.0,14.0,0.0
2023-01-20,2023-01,Vie,False,False,Sandwich,Fastfood,60.0,21.0,0,3.0,4,0,4,0,4,0.0,84.0,0.0
2023-01-20,2023-01,Vie,False,False,Sugarcane juice,Beverages,25.0,8.75,9,8.75,10,9,1,0,1,225.0,8.75,0.0
2023-01-20,2023-01,Vie,False,False,Vadapav,Fastfood,20.0,7.0,0,0.0,0,0,0,0,0,0.0,0.0,0.0
2023-01-21,2023-01,Sáb,True,False,Aalopuri,Fastfood,20.0,7.0,0,2.0,3,0,3,0,3,0.0,21.0,0.0
2023-01-21,2023-01,Sáb,True,False,Cold coffee,Beverages,40.0,14.0,13,6.5,8,8,0,5,5,320.0,0.0,200.0
2023-01-21,2023-01,Sáb,True,False,Frankie,Fastfood,50.0,17.5,0,0.75,1,0,1,0,1,0.0,17.5,0.0
2023-01-21,2023-01,Sáb,True,False,Panipuri,Fastfood,20.0,7.0,2,1.75,2,2,0,0,0,40.0,0.0,0.0
2023-01-21,2023-01,Sáb,True,False,Sandwich,Fastfood,60.0,21.0,0,0.0,0,0,0,0,0,0.0,0.0,0.0
2023-01-21,2023-01,Sáb,True,False,Sugarcane juice,Beverages,25.0,8.75,15,2.0,3,3,0,12,12,75.0,0.0,300.0
2023-01-21,2023-01,Sáb,True,False,Vadapav,Fastfood,20.0,7.0,0,2.25,3,0,3,0,3,0.0,21.0,0.0
2023-01-22,2023-01,Dom,True,False,Aalopuri,Fastfood,20.0,7.0,0,4.0,5,0,5,0,5,0.0,35.0,0.0
2023-01-22,2023-01,Dom,True,False,Cold coffee,Beverages,40.0,14.0,0,2.5,3,0,3,0,3,0.0,42.0,0.0
2023-01-22,2023-01,Dom,True,False,Frankie,Fastfood,50.0,17.5,0,1.25,2,0,2,0,2,0.0,35.0,0.0
2023-01-22,2023-01,Dom,True,False,Panipuri,Fastfood,20.0,7.0,15,0.0,0,0,0,15,15,0.0,0.0,300.0
2023-01-22,2023-01,Dom,True,False,Sandwich,Fastfood,60.0,21.0,0,3.25,4,0,4,0,4,0.0,84.0,0.0
2023-01-22,2023-01,Dom,True,False,Sugarcane juice,Beverages,25.0,8.75,0,9.0,10,0,10,0,10,0.0,87.5,0.0
2023-01-22,2023-01,Dom,True,False,Vadapav,Fastfood,20.0,7.0,0,3.5,4,0,4,0,4,0.0,28.0,0.0
2023-01-23,2023-01,Lun,False,False,Aalopuri,Fastfood,20.0,7.0,0,3.0,4,0,4,0,4,0.0,28.0,0.0
2023-01-23,2023-01,Lun,False,False,Cold coffee,Beverages,40.0,14.0,0,8.75,10,0,10,0,10,0.0,140.0,0.0
2023-01-23,2023-01,Lun,False,False,Frankie,Fastfood,50.0,17.5,0,0.5,1,0,1,0,1,0.0,17.5,0.0
2023-01-23,2023-01,Lun,False,False,Panipuri,Fastfood,20.0,7.0,0,4.25,5,0,5,0,5,0.0,35.0,0.0
2023-01-23,2023-01,Lun,False,False,Sandwich,Fastfood,60.0,21.0,7,5.75,7,7,0,0,0,420.0,0.0,0.0
2023-01-23,2023-01,Lun,False,False,Sugarcane juice,Beverages,25.0,8.75,6,4.25,5,5,0,1,1,125.0,0.0,25.0
2023-01-23,2023-01,Lun,False,False,Vadapav,Fastfood,20.0,7.0,0,0.0,0,0,0,0,0,0.0,0.0,0.0
2023-01-24,2023-01,Mar,False,False,Aalopuri,Fastfood,20.0,7.0,7,0.0,0,0,0,7,7,0.0,0.0,140.0
2023-01-24,2023-01,Mar,False,False,Cold coffee,Beverages,40.0,14.0,0,6.5,8,0,8,0,8,0.0,112.0,0.0
2023-01-24,2023-01,Mar,False,False,Frankie,Fastfood,50.0,17.5,0,4.75,6,0,6,0,6,0.0,105.0,0.0
2023-01-24,2023-01,Mar,False,False,Panipuri,Fastfood,20.0,7.0,0,1.75,2,0,2,0,2,0.0,14.0,0.0
2023-01-24,2023-01,Mar,False,False,Sandwich,Fastfood,60.0,21.0,0,2.5,3,0,3,0,3,0.0,63.0,0.0
2023-01-24,2023-01,Mar,False,False,Sugarcane juice,Beverages,25.0,8.75,8,5.0,6,6,0,2,2,150.0,0.0,50.0
2023-01-24,2023-01,Mar,False,False,Vadapav,Fastfood,20.0,7.0,0,6.75,8,0,8,0,8,0.0,56.0,0.0
2023-01-25,2023-01,Mié,False,False,Aalopuri,Fastfood,20.0,7.0,0,0.5,1,0,1,0,1,0.0,7.0,0.0
2023-01-25,2023-01,Mié,False,False,Cold coffee,Beverages,40.0,14.0,0,0.25,1,0,1,0,1,0.0,14.0,0.0
2023-01-25,2023-01,Mié,False,False,Frankie,Fastfood,50.0,17.5,0,2.25,3,0,3,0,3,0.0,52.5,0.0
2023-01-25,2023-01,Mié,False,False,Panipuri,Fastfood,20.0,7.0,20,15.25,17,17,0,3,3,340.0,0.0,60.0
2023-01-25,2023-01,Mié,False,False,Sandwich,Fastfood,60.0,21.0,7,5.5,7,7,0,0,0,420.0,0.0,0.0
2023-01-25,2023-01,Mié,False,False,Sugarcane juice,Beverages,25.0,8.75,0,8.25,10,0,10,0,10,0.0,87.5,0.0
2023-01-25,2023-01,Mié,False,False,Vadapav,Fastfood,20.0,7.0,0,1.25,2,0,2,0,2,0.0,14.0,0.0
2023-01-26,2023-01,Jue,False,False,Aalopuri,Fastfood,20.0,7.0,0,4.5,5,0,5,0,5,0.0,35.0,0.0
2023-01-26,2023-01,Jue,False,False,Cold coffee,Beverages,40.0,14.0,0,0.0,0,0,0,0,0,0.0,0.0,0.0
2023-01-26,2023-01,Jue,False,False,Frankie,Fastfood,50.0,17.5,15,8.75,10,10,0,5,5,500.0,0.0,250.0
2023-01-26,2023-01,Jue,False,False,Panipuri,Fastfood,20.0,7.0,0,6.25,7,0,7,0,7,0.0,49.0,0.0
2023-01-26,2023-01,Jue,False,False,Sandwich,Fastfood,60.0,21.0,13,8.25,10,10,0,3,3,600.0,0.0,180.0
2023-01-26,2023-01,Jue,False,False,Sugarcane juice,Beverages,25.0,8.75,0,6.5,8,0,8,0,8,0.0,70.0,0.0
2023-01-26,2023-01,Jue,False,False,Vadapav,Fastfood,20.0,7.0,14,0.0,0,0,0,14,14,0.0,0.0,280.0
2023-01-27,2023-01,Vie,False,False,Aalopuri,Fastfood,20.0,7.0,0,0.0,0,0,0,0,0,0.0,0.0,0.0
2023-01-27,2023-01,Vie,False,False,Cold coffee,Beverages,40.0,14.0,0,3.0,4,0,4,0,4,0.0,56.0,0.0
2023-01-27,2023-01,Vie,False,False,Frankie,Fastfood,50.0,17.5,8,10.0,11,8,3,0,3,400.0,52.5,0.0
2023-01-27,2023-01,Vie,False,False,Panipuri,Fastfood,20.0,7.0,14,1.5,2,2,0,12,12,40.0,0.0,240.0
2023-01-27,2023-01,Vie,False,False,Sandwich,Fastfood,60.0,21.0,0,3.0,4,0,4,0,4,0.0,84.0,0.0
2023-01-27,2023-01,Vie,False,False,Sugarcane juice,Beverages,25.0,8.75,7,11.0,13,7,6,0,6,175.0,52.5,0.0
2023-01-27,2023-01,Vie,False,False,Vadapav,Fastfood,20.0,7.0,0,0.0,0,0,0,0,0,0.0,0.0,0.0
2023-01-28,2023-01,Sáb,True,False,Aalopuri,Fastfood,20.0,7.0,15,2.0,3,3,0,12,12,60.0,0.0,240.0
2023-01-28,2023-01,Sáb,True,False,Cold coffee,Beverages,40.0,14.0,0,9.75,11,0,11,0,11,0.0,154.0,0.0
2023-01-28,2023-01,Sáb,True,False,Frankie,Fastfood,50.0,17.5,2,0.75,1,1,0,1,1,50.0,0.0,50.0
2023-01-28,2023-01,Sáb,True,False,Panipuri,Fastfood,20.0,7.0,7,0.75,1,1,0,6,6,20.0,0.0,120.0
2023-01-28,2023-01,Sáb,True,False,Sandwich,Fastfood,60.0,21.0,0,0.0,0,0,0,0,0,0.0,0.0,0.0
2023-01-28,2023-01,Sáb,True,False,Sugarcane juice,Beverages,25.0,8.75,0,3.75,5,0,5,0,5,0.0,43.75,0.0
2023-01-28,2023-01,Sáb,True,False,Vadapav,Fastfood,20.0,7.0,13,0.0,0,0,0,13,13,0.0,0.0,260.0
2023-01-29,2023-01,Dom,True,False,Aalopuri,Fastfood,20.0,7.0,0,4.0,5,0,5,0,5,0.0,35.0,0.0
2023-01-29,2023-01,Dom,True,False,Cold coffee,Beverages,40.0,14.0,0,0.0,0,0,0,0,0,0.0,0.0,0.0
2023-01-29,2023-01,Dom,True,False,Frankie,Fastfood,50.0,17.5,7,0.0,0,0,0,7,7,0.0,0.0,350.0
2023-01-29,2023-01,Dom,True,False,Panipuri,Fastfood,20.0,7.0,0,3.75,5,0,5,0,5,0.0,35.0,0.0
2023-01-29,2023-01,Dom,True,False,Sandwich,Fastfood,60.0,21.0,0,3.25,4,0,4,0,4,0.0,84.0,0.0
2023-01-29,2023-01,Dom,True,False,Sugarcane juice,Beverages,25.0,8.75,0,3.0,4,0,4,0,4,0.0,35.0,0.0
2023-01-29,2023-01,Dom,True,False,Vadapav,Fastfood,20.0,7.0,0,0.0,0,0,0,0,0,0.0,0.0,0.0
2023-01-30,2023-01,Lun,False,False,Aalopuri,Fastfood,20.0,7.0,0,3.0,4,0,4,0,4,0.0,28.0,0.0
2023-01-30,2023-01,Lun,False,False,Cold coffee,Beverages,40.0,14.0,14,3.75,5,5,0,9,9,200.0,0.0,360.0
2023-01-30,2023-01,Lun,False,False,Frankie,Fastfood,50.0,17.5,13,0.5,1,1,0,12,12,50.0,0.0,600.0
2023-01-30,2023-01,Lun,False,False,Panipuri,Fastfood,20.0,7.0,0,4.25,5,0,5,0,5,0.0,35.0,0.0
2023-01-30,2023-01,Lun,False,False,Sandwich,Fastfood,60.0,21.0,0,7.5,9,0,9,0,9,0.0,189.0,0.0
2023-01-30,2023-01,Lun,False,False,Sugarcane juice,Beverages,25.0,8.75,0,5.75,7,0,7,0,7,0.0,61.25,0.0
2023-01-30,2023-01,Lun,False,False,Vadapav,Fastfood,20.0,7.0,0,0.0,0,0,0,0,0,0.0,0.0,0.0
2023-01-31,2023-01,Mar,False,True,Aalopuri,Fastfood,20.0,7.0,4,1.75,2,2,0,2,2,40.0,0.0,40.0
2023-01-31,2023-01,Mar,False,True,Cold coffee,Beverages,40.0,14.0,12,3.75,5,5,0,7,7,200.0,0.0,280.0
2023-01-31,2023-01,Mar,False,True,Frankie,Fastfood,50.0,17.5,0,4.75,6,0,6,0,6,0.0,105.0,0.0
2023-01-31,2023-01,Mar,False,True,Panipuri,Fastfood,20.0,7.0,0,1.75,2,0,2,0,2,0.0,14.0,0.0
2023-01-31,2023-01,Mar,False,True,Sandwich,Fastfood,60.0,21.0,3,2.5,3,3,0,0,0,180.0,0.0,0.0
2023-01-31,2023-01,Mar,False,True,Sugarcane juice,Beverages,25.0,8.75,0,4.75,6,0,6,0,6,0.0,52.5,0.0
2023-01-31,2023-01,Mar,False,True,Vadapav,Fastfood,20.0,7.0,0,6.0,7,0,7,0,7,0.0,49.0,0.0
2023-02-01,2023-02,Mié,False,True,Aalopuri,Fastfood,20.0,7.0,0,0.0,0,0,0,0,0,0.0,0.0,0.0
2023-02-01,2023-02,Mié,False,True,Cold coffee,Beverages,40.0,14.0,15,0.0,0,0,0,15,15,0.0,0.0,600.0
2023-02-01,2023-02,Mié,False,True,Frankie,Fastfood,50.0,17.5,7,2.25,3,3,0,4,4,150.0,0.0,200.0
2023-02-01,2023-02,Mié,False,True,Panipuri,Fastfood,20.0,7.0,0,13.25,15,0,15,0,15,0.0,105.0,0.0
2023-02-01,2023-02,Mié,False,True,Sandwich,Fastfood,60.0,21.0,0,7.25,8,0,8,0,8,0.0,168.0,0.0
2023-02-01,2023-02,Mié,False,True,Sugarcane juice,Beverages,25.0,8.75,0,6.5,8,0,8,0,8,0.0,70.0,0.0
2023-02-01,2023-02,Mié,False,True,Vadapav,Fastfood,20.0,7.0,0,1.25,2,0,2,0,2,0.0,14.0,0.0
2023-02-02,2023-02,Jue,False,False,Aalopuri,Fastfood,20.0,7.0,10,3.5,4,4,0,6,6,80.0,0.0,120.0
2023-02-02,2023-02,Jue,False,False,Cold coffee,Beverages,40.0,14.0,6,0.0,0,0,0,6,6,0.0,0.0,240.0
2023-02-02,2023-02,Jue,False,False,Frankie,Fastfood,50.0,17.5,0,12.5,14,0,14,0,14,0.0,245.0,0.0
2023-02-02,2023-02,Jue,False,False,Panipuri,Fastfood,20.0,7.0,0,0.0,0,0,0,0,0,0.0,0.0,0.0
2023-02-02,2023-02,Jue,False,False,Sandwich,Fastfood,60.0,21.0,0,11.5,13,0,13,0,13,0.0,273.0,0.0
2023-02-02,2023-02,Jue,False,False,Sugarcane juice,Beverages,25.0,8.75,0,3.0,4,0,4,0,4,0.0,35.0,0.0
2023-02-02,2023-02,Jue,False,False,Vadapav,Fastfood,20.0,7.0,0,3.5,4,0,4,0,4,0.0,28.0,0.0
2023-02-03,2023-02,Vie,False,False,Aalopuri,Fastfood,20.0,7.0,3,0.0,0,0,0,3,3,0.0,0.0,60.0
2023-02-03,2023-02,Vie,False,False,Cold coffee,Beverages,40.0,14.0,0,3.0,4,0,4,0,4,0.0,56.0,0.0
2023-02-03,2023-02,Vie,False,False,Frankie,Fastfood,50.0,17.5,23,12.0,14,14,0,9,9,700.0,0.0,450.0
2023-02-03,2023-02,Vie,False,False,Panipuri,Fastfood,20.0,7.0,5,5.0,6,5,1,0,1,100.0,7.0,0.0
2023-02-03,2023-02,Vie,False,False,Sandwich,Fastfood,60.0,21.0,0,3.0,4,0,4,0,4,0.0,84.0,0.0
2023-02-03,2023-02,Vie,False,False,Sugarcane juice,Beverages,25.0,8.75,6,9.25,11,6,5,0,5,150.0,43.75,0.0
2023-02-03,2023-02,Vie,False,False,Vadapav,Fastfood,20.0,7.0,15,0.0,0,0,0,15,15,0.0,0.0,300.0
2023-02-04,2023-02,Sáb,True,False,Aalopuri,Fastfood,20.0,7.0,0,5.75,7,0,7,0,7,0.0,49.0,0.0
2023-02-04,2023-02,Sáb,True,False,Cold coffee,Beverages,40.0,14.0,0,6.5,8,0,8,0,8,0.0,112.0,0.0
2023-02-04,2023-02,Sáb,True,False,Frankie,Fastfood,50.0,17.5,12,1.25,2,2,0,10,10,100.0,0.0,500.0
2023-02-04,2023-02,Sáb,True,False,Panipuri,Fastfood,20.0,7.0,0,2.5,3,0,3,0,3,0.0,21.0,0.0
2023-02-04,2023-02,Sáb,True,False,Sandwich,Fastfood,60.0,21.0,0,0.0,0,0,0,0,0,0.0,0.0,0.0
2023-02-04,2023-02,Sáb,True,False,Sugarcane juice,Beverages,25.0,8.75,12,3.75,5,5,0,7,7,125.0,0.0,175.0
2023-02-04,2023-02,Sáb,True,False,Vadapav,Fastfood,20.0,7.0,15,3.25,4,4,0,11,11,80.0,0.0,220.0
2023-02-05,2023-02,Dom,True,False,Aalopuri,Fastfood,20.0,7.0,13,0.25,1,1,0,12,12,20.0,0.0,240.0
2023-02-05,2023-02,Dom,True,False,Cold coffee,Beverages,40.0,14.0,27,0.0,0,0,0,27,27,0.0,0.0,1080.0
2023-02-05,2023-02,Dom,True,False,Frankie,Fastfood,50.0,17.5,10,1.75,2,2,0,8,8,100.0,0.0,400.0
2023-02-05,2023-02,Dom,True,False,Panipuri,Fastfood,20.0,7.0,0,3.75,5,0,5,0,5,0.0,35.0,0.0
2023-02-05,2023-02,Dom,True,False,Sandwich,Fastfood,60.0,21.0,5,0.0,0,0,0,5,5,0.0,0.0,300.0
2023-02-05,2023-02,Dom,True,False,Sugarcane juice,Beverages,25.0,8.75,1,3.0,4,1,3,0,3,25.0,26.25,0.0
2023-02-05,2023-02,Dom,True,False,Vadapav,Fastfood,20.0,7.0,0,0.0,0,0,0,0,0,0.0,0.0,0.0
2023-02-06,2023-02,Lun,False,False,Aalopuri,Fastfood,20.0,7.0,3,0.0,0,0,0,3,3,0.0,0.0,60.0
2023-02-06,2023-02,Lun,False,False,Cold coffee,Beverages,40.0,14.0,0,3.5,4,0,4,0,4,0.0,56.0,0.0
2023-02-06,2023-02,Lun,False,False,Frankie,Fastfood,50.0,17.5,0,3.75,5,0,5,0,5,0.0,87.5,0.0
2023-02-06,2023-02,Lun,False,False,Panipuri,Fastfood,20.0,7.0,7,4.25,5,5,0,2,2,100.0,0.0,40.0
2023-02-06,2023-02,Lun,False,False,Sandwich,Fastfood,60.0,21.0,0,7.5,9,0,9,0,9,0.0,189.0,0.0
2023-02-06,2023-02,Lun,False,False,Sugarcane juice,Beverages,25.0,8.75,0,1.5,2,0,2,0,2,0.0,17.5,0.0
2023-02-06,2023-02,Lun,False,False,Vadapav,Fastfood,20.0,7.0,15,0.0,0,0,0,15,15,0.0,0.0,300.0
2023-02-07,2023-02,Mar,False,False,Aalopuri,Fastfood,20.0,7.0,14,2.75,4,4,0,10,10,80.0,0.0,200.0
2023-02-07,2023-02,Mar,False,False,Cold coffee,Beverages,40.0,14.0,0,4.75,6,0,6,0,6,0.0,84.0,0.0
2023-02-07,2023-02,Mar,False,False,Frankie,Fastfood,50.0,17.5,10,1.5,2,2,0,8,8,100.0,0.0,400.0
2023-02-07,2023-02,Mar,False,False,Panipuri,Fastfood,20.0,7.0,0,1.75,2,0,2,0,2,0.0,14.0,0.0
2023-02-07,2023-02,Mar,False,False,Sandwich,Fastfood,60.0,21.0,4,0.75,1,1,0,3,3,60.0,0.0,180.0
2023-02-07,2023-02,Mar,False,False,Sugarcane juice,Beverages,25.0,8.75,24,2.0,3,3,0,21,21,75.0,0.0,525.0
2023-02-07,2023-02,Mar,False,False,Vadapav,Fastfood,20.0,7.0,0,4.0,5,0,5,0,5,0.0,35.0,0.0
2023-02-08,2023-02,Mié,False,False,Aalopuri,Fastfood,20.0,7.0,0,0.0,0,0,0,0,0,0.0,0.0,0.0
2023-02-08,2023-02,Mié,False,False,Cold coffee,Beverages,40.0,14.0,0,3.75,5,0,5,0,5,0.0,70.0,0.0
2023-02-08,2023-02,Mié,False,False,Frankie,Fastfood,50.0,17.5,12,4.0,5,5,0,7,7,250.0,0.0,350.0
2023-02-08,2023-02,Mié,False,False,Panipuri,Fastfood,20.0,7.0,3,10.0,11,3,8,0,8,60.0,56.0,0.0
2023-02-08,2023-02,Mié,False,False,Sandwich,Fastfood,60.0,21.0,0,3.5,4,0,4,0,4,0.0,84.0,0.0
2023-02-08,2023-02,Mié,False,False,Sugarcane juice,Beverages,25.0,8.75,0,4.0,5,0,5,0,5,0.0,43.75,0.0
2023-02-08,2023-02,Mié,False,False,Vadapav,Fastfood,20.0,7.0,12,0.5,1,1,0,11,11,20.0,0.0,220.0
2023-02-09,2023-02,Jue,False,False,Aalopuri,Fastfood,20.0,7.0,0,5.75,7,0,7,0,7,0.0,49.0,0.0
2023-02-09,2023-02,Jue,False,False,Cold coffee,Beverages,40.0,14.0,0,1.5,2,0,2,0,2,0.0,28.0,0.0
2023-02-09,2023-02,Jue,False,False,Frankie,Fastfood,50.0,17.5,0,3.75,5,0,5,0,5,0.0,87.5,0.0
2023-02-09,2023-02,Jue,False,False,Panipuri,Fastfood,20.0,7.0,0,0.0,0,0,0,0,0,0.0,0.0,0.0
2023-02-09,2023-02,Jue,False,False,Sandwich,Fastfood,60.0,21.0,0,8.75,10,0,10,0,10,0.0,210.0,0.0
2023-02-09,2023-02,Jue,False,False,Sugarcane juice,Beverages,25.0,8.75,0,3.0,4,0,4,0,4,0.0,35.0,0.0
2023-02-09,2023-02,Jue,False,False,Vadapav,Fastfood,20.0,7.0,15,3.5,4,4,0,11,11,80.0,0.0,220.0
2023-02-10,2023-02,Vie,False,False,Aalopuri,Fastfood,20.0,7.0,0,0.75,1,0,1,0,1,0.0,7.0,0.0
2023-02-10,2023-02,Vie,False,False,Cold coffee,Beverages,40.0,14.0,10,0.5,1,1,0,9,9,40.0,0.0,360.0
2023-02-10,2023-02,Vie,False,False,Frankie,Fastfood,50.0,17.5,0,16.25,18,0,18,0,18,0.0,315.0,0.0
2023-02-10,2023-02,Vie,False,False,Panipuri,Fastfood,20.0,7.0,0,6.25,7,0,7,0,7,0.0,49.0,0.0
2023-02-10,2023-02,Vie,False,False,Sandwich,Fastfood,60.0,21.0,0,0.0,0,0,0,0,0,0.0,0.0,0.0
2023-02-10,2023-02,Vie,False,False,Sugarcane juice,Beverages,25.0,8.75,9,9.25,11,9,2,0,2,225.0,17.5,0.0
2023-02-10,2023-02,Vie,False,False,Vadapav,Fastfood,20.0,7.0,0,3.75,5,0,5,0,5,0.0,35.0,0.0
2023-02-11,2023-02,Sáb,True,False,Aalopuri,Fastfood,20.0,7.0,0,5.75,7,0,7,0,7,0.0,49.0,0.0
2023-02-11,2023-02,Sáb,True,False,Cold coffee,Beverages,40.0,14.0,0,6.5,8,0,8,0,8,0.0,112.0,0.0
2023-02-11,2023-02,Sáb,True,False,Frankie,Fastfood,50.0,17.5,0,3.5,4,0,4,0,4,0.0,70.0,0.0
2023-02-11,2023-02,Sáb,True,False,Panipuri,Fastfood,20.0,7.0,0,2.25,3,0,3,0,3,0.0,21.0,0.0
2023-02-11,2023-02,Sáb,True,False,Sandwich,Fastfood,60.0,21.0,0,0.0,0,0,0,0,0,0.0,0.0,0.0
2023-02-11,2023-02,Sáb,True,False,Sugarcane juice,Beverages,25.0,8.75,10,6.75,8,8,0,2,2,200.0,0.0,50.0
2023-02-11,2023-02,Sáb,True,False,Vadapav,Fastfood,20.0,7.0,0,7.0,8,0,8,0,8,0.0,56.0,0.0
2023-02-12,2023-02,Dom,True,False,Aalopuri,Fastfood,20.0,7.0,0,3.5,4,0,4,0,4,0.0,28.0,0.0
2023-02-12,2023-02,Dom,True,False,Cold coffee,Beverages,40.0,14.0,0,6.75,8,0,8,0,8,0.0,112.0,0.0
2023-02-12,2023-02,Dom,True,False,Frankie,Fastfood,50.0,17.5,4,4.25,5,4,1,0,1,200.0,17.5,0.0
2023-02-12,2023-02,Dom,True,False,Panipuri,Fastfood,20.0,7.0,0,3.75,5,0,5,0,5,0.0,35.0,0.0
2023-02-12,2023-02,Dom,True,False,Sandwich,Fastfood,60.0,21.0,0,1.25,2,0,2,0,2,0.0,42.0,0.0
2023-02-12,2023-02,Dom,True,False,Sugarcane juice,Beverages,25.0,8.75,0,3.25,4,0,4,0,4,0.0,35.0,0.0
2023-02-12,2023-02,Dom,True,False,Vadapav,Fastfood,20.0,7.0,0,0.0,0,0,0,0,0,0.0,0.0,0.0
2023-02-13,2023-02,Lun,False,False,Aalopuri,Fastfood,20.0,7.0,8,0.75,1,1,0,7,7,20.0,0.0,140.0
2023-02-13,2023-02,Lun,False,False,Cold coffee,Beverages,40.0,14.0,0,3.5,4,0,4,0,4,0.0,56.0,0.0
2023-02-13,2023-02,Lun,False,False,Frankie,Fastfood,50.0,17.5,0,3.75,5,0,5,0,5,0.0,87.5,0.0
2023-02-13,2023-02,Lun,False,False,Panipuri,Fastfood,20.0,7.0,18,6.0,7,7,0,11,11,140.0,0.0,220.0
2023-02-13,2023-02,Lun,False,False,Sandwich,Fastfood,60.0,21.0,26,7.5,9,9,0,17,17,540.0,0.0,1020.0
2023-02-13,2023-02,Lun,False,False,Sugarcane juice,Beverages,25.0,8.75,0,1.5,2,0,2,0,2,0.0,17.5,0.0
2023-02-13,2023-02,Lun,False,False,Vadapav,Fastfood,20.0,7.0,8,3.75,5,5,0,3,3,100.0,0.0,60.0
2023-02-14,2023-02,Mar,False,False,Aalopuri,Fastfood,20.0,7.0,0,6.25,7,0,7,0,7,0.0,49.0,0.0
2023-02-14,2023-02,Mar,False,False,Cold coffee,Beverages,40.0,14.0,0,3.0,4,0,4,0,4,0.0,56.0,0.0
2023-02-14,2023-02,Mar,False,False,Frankie,Fastfood,50.0,17.5,0,4.0,5,0,5,0,5,0.0,87.5,0.0
2023-02-14,2023-02,Mar,False,False,Panipuri,Fastfood,20.0,7.0,0,0.0,0,0,0,0,0,0.0,0.0,0.0
2023-02-14,2023-02,Mar,False,False,Sandwich,Fastfood,60.0,21.0,7,1.75,2,2,0,5,5,120.0,0.0,300.0
2023-02-14,2023-02,Mar,False,False,Sugarcane juice,Beverages,25.0,8.75,0,8.0,9,0,9,0,9,0.0,78.75,0.0
2023-02-14,2023-02,Mar,False,False,Vadapav,Fastfood,20.0,7.0,6,0.0,0,0,0,6,6,0.0,0.0,120.0
2023-02-15,2023-02,Mié,False,True,Aalopuri,Fastfood,20.0,7.0,0,0.0,0,0,0,0,0,0.0,0.0,0.0
2023-02-15,2023-02,Mié,False,True,Cold coffee,Beverages,40.0,14.0,14,3.75,5,5,0,9,9,200.0,0.0,360.0
2023-02-15,2023-02,Mié,False,True,Frankie,Fastfood,50.0,17.5,15,4.75,6,6,0,9,9,300.0,0.0,450.0
2023-02-15,2023-02,Mié,False,True,Panipuri,Fastfood,20.0,7.0,3,5.75,7,3,4,0,4,60.0,28.0,0.0
2023-02-15,2023-02,Mié,False,True,Sandwich,Fastfood,60.0,21.0,0,3.5,4,0,4,0,4,0.0,84.0,0.0
2023-02-15,2023-02,Mié,False,True,Sugarcane juice,Beverages,25.0,8.75,0,1.25,2,0,2,0,2,0.0,17.5,0.0
2023-02-15,2023-02,Mié,False,True,Vadapav,Fastfood,20.0,7.0,0,3.5,4,0,4,0,4,0.0,28.0,0.0
2023-02-16,2023-02,Jue,False,True,Aalopuri,Fastfood,20.0,7.0,0,2.5,3,0,3,0,3,0.0,21.0,0.0
2023-02-16,2023-02,Jue,False,True,Cold coffee,Beverages,40.0,14.0,10,1.5,2,2,0,8,8,80.0,0.0,320.0
2023-02-16,2023-02,Jue,False,True,Frankie,Fastfood,50.0,17.5,0,3.75,5,0,5,0,5,0.0,87.5,0.0
2023-02-16,2023-02,Jue,False,True,Panipuri,Fastfood,20.0,7.0,0,0.0,0,0,0,0,0,0.0,0.0,0.0
2023-02-16,2023-02,Jue,False,True,Sandwich,Fastfood,60.0,21.0,0,5.25,6,0,6,0,6,0.0,126.0,0.0
2023-02-16,2023-02,Jue,False,True,Sugarcane juice,Beverages,25.0,8.75,10,3.0,4,4,0,6,6,100.0,0.0,150.0
2023-02-16,2023-02,Jue,False,True,Vadapav,Fastfood,20.0,7.0,0,7.25,8,0,8,0,8,0.0,56.0,0.0
2023-02-17,2023-02,Vie,False,False,Aalopuri,Fastfood,20.0,7.0,2,0.75,1,1,0,1,1,20.0,0.0,20.0
2023-02-17,2023-02,Vie,False,False,Cold coffee,Beverages,40.0,14.0,3,3.0,4,3,1,0,1,120.0,14.0,0.0
2023-02-17,2023-02,Vie,False,False,Frankie,Fastfood,50.0,17.5,0,12.75,15,0,15,0,15,0.0,262.5,0.0
2023-02-17,2023-02,Vie,False,False,Panipuri,Fastfood,20.0,7.0,0,4.75,6,0,6,0,6,0.0,42.0,0.0
2023-02-17,2023-02,Vie,False,False,Sandwich,Fastfood,60.0,21.0,12,0.0,0,0,0,12,12,0.0,0.0,720.0
2023-02-17,2023-02,Vie,False,False,Sugarcane juice,Beverages,25.0,8.75,0,7.75,9,0,9,0,9,0.0,78.75,0.0
2023-02-17,2023-02,Vie,False,False,Vadapav,Fastfood,20.0,7.0,0,3.75,5,0,5,0,5,0.0,35.0,0.0
2023-02-18,2023-02,Sáb,True,False,Aalopuri,Fastfood,20.0,7.0,0,3.75,5,0,5,0,5,0.0,35.0,0.0
2023-02-18,2023-02,Sáb,True,False,Cold coffee,Beverages,40.0,14.0,15,3.25,4,4,0,11,11,160.0,0.0,440.0
2023-02-18,2023-02,Sáb,True,False,Frankie,Fastfood,50.0,17.5,0,3.5,4,0,4,0,4,0.0,70.0,0.0
2023-02-18,2023-02,Sáb,True,False,Panipuri,Fastfood,20.0,7.0,0,2.25,3,0,3,0,3,0.0,21.0,0.0
2023-02-18,2023-02,Sáb,True,False,Sandwich,Fastfood,60.0,21.0,0,0.0,0,0,0,0,0,0.0,0.0,0.0
2023-02-18,2023-02,Sáb,True,False,Sugarcane juice,Beverages,25.0,8.75,0,9.25,11,0,11,0,11,0.0,96.25,0.0
2023-02-18,2023-02,Sáb,True,False,Vadapav,Fastfood,20.0,7.0,0,7.0,8,0,8,0,8,0.0,56.0,0.0
2023-02-19,2023-02,Dom,True,False,Aalopuri,Fastfood,20.0,7.0,0,3.25,4,0,4,0,4,0.0,28.0,0.0
2023-02-19,2023-02,Dom,True,False,Cold coffee,Beverages,40.0,14.0,0,6.75,8,0,8,0,8,0.0,112.0,0.0
2023-02-19,2023-02,Dom,True,False,Frankie,Fastfood,50.0,17.5,0,5.25,6,0,6,0,6,0.0,105.0,0.0
2023-02-19,2023-02,Dom,True,False,Panipuri,Fastfood,20.0,7.0,0,3.75,5,0,5,0,5,0.0,35.0,0.0
2023-02-19,2023-02,Dom,True,False,Sandwich,Fastfood,60.0,21.0,0,1.25,2,0,2,0,2,0.0,42.0,0.0
2023-02-19,2023-02,Dom,True,False,Sugarcane juice,Beverages,25.0,8.75,0,0.25,1,0,1,0,1,0.0,8.75,0.0
2023-02-19,2023-02,Dom,True,False,Vadapav,Fastfood,20.0,7.0,15,0.0,0,0,0,15,15,0.0,0.0,300.0
2023-02-20,2023-02,Lun,False,False,Aalopuri,Fastfood,20.0,7.0,0,2.75,4,0,4,0,4,0.0,28.0,0.0
2023-02-20,2023-02,Lun,False,False,Cold coffee,Beverages,40.0,14.0,21,3.5,4,4,0,17,17,160.0,0.0,680.0
2023-02-20,2023-02,Lun,False,False,Frankie,Fastfood,50.0,17.5,0,3.25,4,0,4,0,4,0.0,70.0,0.0
2023-02-20,2023-02,Lun,False,False,Panipuri,Fastfood,20.0,7.0,0,6.25,7,0,7,0,7,0.0,49.0,0.0
2023-02-20,2023-02,Lun,False,False,Sandwich,Fastfood,60.0,21.0,0,8.25,10,0,10,0,10,0.0,210.0,0.0
2023-02-20,2023-02,Lun,False,False,Sugarcane juice,Beverages,25.0,8.75,0,1.5,2,0,2,0,2,0.0,17.5,0.0
2023-02-20,2023-02,Lun,False,False,Vadapav,Fastfood,20.0,7.0,0,5.75,7,0,7,0,7,0.0,49.0,0.0
2023-02-21,2023-02,Mar,False,False,Aalopuri,Fastfood,20.0,7.0,0,6.25,7,0,7,0,7,0.0,49.0,0.0
2023-02-21,2023-02,Mar,False,False,Cold coffee,Beverages,40.0,14.0,12,3.0,4,4,0,8,8,160.0,0.0,320.0
2023-02-21,2023-02,Mar,False,False,Frankie,Fastfood,50.0,17.5,0,2.5,3,0,3,0,3,0.0,52.5,0.0
2023-02-21,2023-02,Mar,False,False,Panipuri,Fastfood,20.0,7.0,0,0.0,0,0,0,0,0,0.0,0.0,0.0
2023-02-21,2023-02,Mar,False,False,Sandwich,Fastfood,60.0,21.0,8,3.5,4,4,0,4,4,240.0,0.0,240.0
2023-02-21,2023-02,Mar,False,False,Sugarcane juice,Beverages,25.0,8.75,0,8.0,9,0,9,0,9,0.0,78.75,0.0
2023-02-21,2023-02,Mar,False,False,Vadapav,Fastfood,20.0,7.0,0,1.5,2,0,2,0,2,0.0,14.0,0.0
2023-02-22,2023-02,Mié,False,False,Aalopuri,Fastfood,20.0,7.0,8,0.0,0,0,0,8,8,0.0,0.0,160.0
2023-02-22,2023-02,Mié,False,False,Cold coffee,Beverages,40.0,14.0,6,7.25,8,6,2,0,2,240.0,28.0,0.0
2023-02-22,2023-02,Mié,False,False,Frankie,Fastfood,50.0,17.5,9,8.5,10,9,1,0,1,450.0,17.5,0.0
2023-02-22,2023-02,Mié,False,False,Panipuri,Fastfood,20.0,7.0,0,6.5,8,0,8,0,8,0.0,56.0,0.0
2023-02-22,2023-02,Mié,False,False,Sandwich,Fastfood,60.0,21.0,0,1.75,2,0,2,0,2,0.0,42.0,0.0
2023-02-22,2023-02,Mié,False,False,Sugarcane juice,Beverages,25.0,8.75,0,0.0,0,0,0,0,0,0.0,0.0,0.0
2023-02-22,2023-02,Mié,False,False,Vadapav,Fastfood,20.0,7.0,0,3.0,4,0,4,0,4,0.0,28.0,0.0
2023-02-23,2023-02,Jue,False,False,Aalopuri,Fastfood,20.0,7.0,0,2.5,3,0,3,0,3,0.0,21.0,0.0
2023-02-23,2023-02,Jue,False,False,Cold coffee,Beverages,40.0,14.0,6,4.0,5,5,0,1,1,200.0,0.0,40.0
2023-02-23,2023-02,Jue,False,False,Frankie,Fastfood,50.0,17.5,0,3.75,5,0,5,0,5,0.0,87.5,0.0
2023-02-23,2023-02,Jue,False,False,Panipuri,Fastfood,20.0,7.0,0,0.0,0,0,0,0,0,0.0,0.0,0.0
2023-02-23,2023-02,Jue,False,False,Sandwich,Fastfood,60.0,21.0,14,3.25,4,4,0,10,10,240.0,0.0,600.0
2023-02-23,2023-02,Jue,False,False,Sugarcane juice,Beverages,25.0,8.75,3,2.5,3,3,0,0,0,75.0,0.0,0.0
2023-02-23,2023-02,Jue,False,False,Vadapav,Fastfood,20.0,7.0,0,7.25,8,0,8,0,8,0.0,56.0,0.0
2023-02-24,2023-02,Vie,False,False,Aalopuri,Fastfood,20.0,7.0,3,1.25,2,2,0,1,1,40.0,0.0,20.0
2023-02-24,2023-02,Vie,False,False,Cold coffee,Beverages,40.0,14.0,6,3.25,4,4,0,2,2,160.0,0.0,80.0
2023-02-24,2023-02,Vie,False,False,Frankie,Fastfood,50.0,17.5,7,7.75,9,7,2,0,2,350.0,35.0,0.0
2023-02-24,2023-02,Vie,False,False,Panipuri,Fastfood,20.0,7.0,0,4.75,6,0,6,0,6,0.0,42.0,0.0
2023-02-24,2023-02,Vie,False,False,Sandwich,Fastfood,60.0,21.0,7,3.0,4,4,0,3,3,240.0,0.0,180.0
2023-02-24,2023-02,Vie,False,False,Sugarcane juice,Beverages,25.0,8.75,0,5.5,7,0,7,0,7,0.0,61.25,0.0
2023-02-24,2023-02,Vie,False,False,Vadapav,Fastfood,20.0,7.0,0,3.75,5,0,5,0,5,0.0,35.0,0.0
2023-02-25,2023-02,Sáb,True,False,Aalopuri,Fastfood,20.0,7.0,0,3.75,5,0,5,0,5,0.0,35.0,0.0
2023-02-25,2023-02,Sáb,True,False,Cold coffee,Beverages,40.0,14.0,0,3.75,5,0,5,0,5,0.0,70.0,0.0
2023-02-25,2023-02,Sáb,True,False,Frankie,Fastfood,50.0,17.5,9,3.5,4,4,0,5,5,200.0,0.0,250.0
2023-02-25,2023-02,Sáb,True,False,Panipuri,Fastfood,20.0,7.0,0,1.75,2,0,2,0,2,0.0,14.0,0.0
2023-02-25,2023-02,Sáb,True,False,Sandwich,Fastfood,60.0,21.0,0,0.0,0,0,0,0,0,0.0,0.0,0.0
2023-02-25,2023-02,Sáb,True,False,Sugarcane juice,Beverages,25.0,8.75,0,5.5,7,0,7,0,7,0.0,61.25,0.0
2023-02-25,2023-02,Sáb,True,False,Vadapav,Fastfood,20.0,7.0,2,7.0,8,2,6,0,6,40.0,42.0,0.0
2023-02-26,2023-02,Dom,True,False,Aalopuri,Fastfood,20.0,7.0,6,3.25,4,4,0,2,2,80.0,0.0,40.0
2023-02-26,2023-02,Dom,True,False,Cold coffee,Beverages,40.0,14.0,0,6.75,8,0,8,0,8,0.0,112.0,0.0
2023-02-26,2023-02,Dom,True,False,Frankie,Fastfood,50.0,17.5,19,5.25,6,6,0,13,13,300.0,0.0,650.0
2023-02-26,2023-02,Dom,True,False,Panipuri,Fastfood,20.0,7.0,0,0.0,0,0,0,0,0,0.0,0.0,0.0
2023-02-26,2023-02,Dom,True,False,Sandwich,Fastfood,60.0,21.0,0,1.25,2,0,2,0,2,0.0,42.0,0.0
2023-02-26,2023-02,Dom,True,False,Sugarcane juice,Beverages,25.0,8.75,0,0.25,1,0,1,0,1,0.0,8.75,0.0
2023-02-26,2023-02,Dom,True,False,Vadapav,Fastfood,20.0,7.0,1,3.75,5,1,4,0,4,20.0,28.0,0.0
2023-02-27,2023-02,Lun,False,False,Aalopuri,Fastfood,20.0,7.0,0,2.75,4,0,4,0,4,0.0,28.0,0.0
2023-02-27,2023-02,Lun,False,False,Cold coffee,Beverages,40.0,14.0,0,8.75,10,0,10,0,10,0.0,140.0,0.0
2023-02-27,2023-02,Lun,False,False,Frankie,Fastfood,50.0,17.5,23,3.25,4,4,0,19,19,200.0,0.0,950.0
2023-02-27,2023-02,Lun,False,False,Panipuri,Fastfood,20.0,7.0,0,6.25,7,0,7,0,7,0.0,49.0,0.0
2023-02-27,2023-02,Lun,False,False,Sandwich,Fastfood,60.0,21.0,0,6.5,8,0,8,0,8,0.0,168.0,0.0
2023-02-27,2023-02,Lun,False,False,Sugarcane juice,Beverages,25.0,8.75,0,0.0,0,0,0,0,0,0.0,0.0,0.0
2023-02-27,2023-02,Lun,False,False,Vadapav,Fastfood,20.0,7.0,9,5.75,7,7,0,2,2,140.0,0.0,40.0
2023-02-28,2023-02,Mar,False,True,Aalopuri,Fastfood,20.0,7.0,1,4.5,5,1,4,0,4,20.0,28.0,0.0
2023-02-28,2023-02,Mar,False,True,Cold coffee,Beverages,40.0,14.0,0,6.0,7,0,7,0,7,0.0,98.0,0.0
2023-02-28,2023-02,Mar,False,True,Frankie,Fastfood,50.0,17.5,6,2.5,3,3,0,3,3,150.0,0.0,150.0
2023-02-28,2023-02,Mar,False,True,Panipuri,Fastfood,20.0,7.0,0,0.0,0,0,0,0,0,0.0,0.0,0.0
2023-02-28,2023-02,Mar,False,True,Sandwich,Fastfood,60.0,21.0,0,5.5,7,0,7,0,7,0.0,147.0,0.0
2023-02-28,2023-02,Mar,False,True,Sugarcane juice,Beverages,25.0,8.75,0,6.0,7,0,7,0,7,0.0,61.25,0.0
2023-02-28,2023-02,Mar,False,True,Vadapav,Fastfood,20.0,7.0,0,1.5,2,0,2,0,2,0.0,14.0,0.0
2023-03-01,2023-03,Mié,False,True,Aalopuri,Fastfood,20.0,7.0,0,2.0,3,0,3,0,3,0.0,21.0,0.0
2023-03-01,2023-03,Mié,False,True,Cold coffee,Beverages,40.0,14.0,11,8.75,10,10,0,1,1,400.0,0.0,40.0
2023-03-01,2023-03,Mié,False,True,Frankie,Fastfood,50.0,17.5,0,10.75,12,0,12,0,12,0.0,210.0,0.0
2023-03-01,2023-03,Mié,False,True,Panipuri,Fastfood,20.0,7.0,0,1.5,2,0,2,0,2,0.0,14.0,0.0
2023-03-01,2023-03,Mié,False,True,Sandwich,Fastfood,60.0,21.0,18,0.0,0,0,0,18,18,0.0,0.0,1080.0
2023-03-01,2023-03,Mié,False,True,Sugarcane juice,Beverages,25.0,8.75,7,0.0,0,0,0,7,7,0.0,0.0,175.0
2023-03-01,2023-03,Mié,False,True,Vadapav,Fastfood,20.0,7.0,12,3.0,4,4,0,8,8,80.0,0.0,160.0
2023-03-02,2023-03,Jue,False,False,Aalopuri,Fastfood,20.0,7.0,25,2.5,3,3,0,22,22,60.0,0.0,440.0
2023-03-02,2023-03,Jue,False,False,Cold coffee,Beverages,40.0,14.0,0,5.5,7,0,7,0,7,0.0,98.0,0.0
2023-03-02,2023-03,Jue,False,False,Frankie,Fastfood,50.0,17.5,8,0.0,0,0,0,8,8,0.0,0.0,400.0
2023-03-02,2023-03,Jue,False,False,Panipuri,Fastfood,20.0,7.0,0,0.0,0,0,0,0,0,0.0,0.0,0.0
2023-03-02,2023-03,Jue,False,False,Sandwich,Fastfood,60.0,21.0,0,3.5,4,0,4,0,4,0.0,84.0,0.0
2023-03-02,2023-03,Jue,False,False,Sugarcane juice,Beverages,25.0,8.75,0,3.25,4,0,4,0,4,0.0,35.0,0.0
2023-03-02,2023-03,Jue,False,False,Vadapav,Fastfood,20.0,7.0,11,3.75,5,5,0,6,6,100.0,0.0,120.0
2023-03-03,2023-03,Vie,False,False,Aalopuri,Fastfood,20.0,7.0,0,2.0,3,0,3,0,3,0.0,21.0,0.0
2023-03-03,2023-03,Vie,False,False,Cold coffee,Beverages,40.0,14.0,8,4.75,6,6,0,2,2,240.0,0.0,80.0
2023-03-03,2023-03,Vie,False,False,Frankie,Fastfood,50.0,17.5,0,7.5,9,0,9,0,9,0.0,157.5,0.0
2023-03-03,2023-03,Vie,False,False,Panipuri,Fastfood,20.0,7.0,13,1.25,2,2,0,11,11,40.0,0.0,220.0
2023-03-03,2023-03,Vie,False,False,Sandwich,Fastfood,60.0,21.0,0,4.75,6,0,6,0,6,0.0,126.0,0.0
2023-03-03,2023-03,Vie,False,False,Sugarcane juice,Beverages,25.0,8.75,10,3.75,5,5,0,5,5,125.0,0.0,125.0
2023-03-03,2023-03,Vie,False,False,Vadapav,Fastfood,20.0,7.0,0,3.75,5,0,5,0,5,0.0,35.0,0.0
2023-03-04,2023-03,Sáb,True,False,Aalopuri,Fastfood,20.0,7.0,0,0.0,0,0,0,0,0,0.0,0.0,0.0
2023-03-04,2023-03,Sáb,True,False,Cold coffee,Beverages,40.0,14.0,15,3.75,5,5,0,10,10,200.0,0.0,400.0
2023-03-04,2023-03,Sáb,True,False,Frankie,Fastfood,50.0,17.5,0,5.25,6,0,6,0,6,0.0,105.0,0.0
2023-03-04,2023-03,Sáb,True,False,Panipuri,Fastfood,20.0,7.0,0,0.0,0,0,0,0,0,0.0,0.0,0.0
2023-03-04,2023-03,Sáb,True,False,Sandwich,Fastfood,60.0,21.0,0,0.0,0,0,0,0,0,0.0,0.0,0.0
2023-03-04,2023-03,Sáb,True,False,Sugarcane juice,Beverages,25.0,8.75,0,5.5,7,0,7,0,7,0.0,61.25,0.0
2023-03-04,2023-03,Sáb,True,False,Vadapav,Fastfood,20.0,7.0,9,4.25,5,5,0,4,4,100.0,0.0,80.0
2023-03-05,2023-03,Dom,True,False,Aalopuri,Fastfood,20.0,7.0,0,4.75,6,0,6,0,6,0.0,42.0,0.0
2023-03-05,2023-03,Dom,True,False,Cold coffee,Beverages,40.0,14.0,0,6.75,8,0,8,0,8,0.0,112.0,0.0
2023-03-05,2023-03,Dom,True,False,Frankie,Fastfood,50.0,17.5,0,8.25,10,0,10,0,10,0.0,175.0,0.0
2023-03-05,2023-03,Dom,True,False,Panipuri,Fastfood,20.0,7.0,4,0.0,0,0,0,4,4,0.0,0.0,80.0
2023-03-05,2023-03,Dom,True,False,Sandwich,Fastfood,60.0,21.0,0,1.25,2,0,2,0,2,0.0,42.0,0.0
2023-03-05,2023-03,Dom,True,False,Sugarcane juice,Beverages,25.0,8.75,0,0.25,1,0,1,0,1,0.0,8.75,0.0
2023-03-05,2023-03,Dom,True,False,Vadapav,Fastfood,20.0,7.0,17,4.0,5,5,0,12,12,100.0,0.0,240.0
2023-03-06,2023-03,Lun,False,False,Aalopuri,Fastfood,20.0,7.0,0,2.75,4,0,4,0,4,0.0,28.0,0.0
2023-03-06,2023-03,Lun,False,False,Cold coffee,Beverages,40.0,14.0,0,5.25,6,0,6,0,6,0.0,84.0,0.0
2023-03-06,2023-03,Lun,False,False,Frankie,Fastfood,50.0,17.5,0,5.75,7,0,7,0,7,0.0,122.5,0.0
2023-03-06,2023-03,Lun,False,False,Panipuri,Fastfood,20.0,7.0,0,6.25,7,0,7,0,7,0.0,49.0,0.0
2023-03-06,2023-03,Lun,False,False,Sandwich,Fastfood,60.0,21.0,7,6.5,8,7,1,0,1,420.0,21.0,0.0
2023-03-06,2023-03,Lun,False,False,Sugarcane juice,Beverages,25.0,8.75,0,0.0,0,0,0,0,0,0.0,0.0,0.0
2023-03-06,2023-03,Lun,False,False,Vadapav,Fastfood,20.0,7.0,0,8.0,9,0,9,0,9,0.0,63.0,0.0
2023-03-07,2023-03,Mar,False,False,Aalopuri,Fastfood,20.0,7.0,0,3.75,5,0,5,0,5,0.0,35.0,0.0
2023-03-07,2023-03,Mar,False,False,Cold coffee,Beverages,40.0,14.0,0,3.0,4,0,4,0,4,0.0,56.0,0.0
2023-03-07,2023-03,Mar,False,False,Frankie,Fastfood,50.0,17.5,0,4.0,5,0,5,0,5,0.0,87.5,0.0
2023-03-07,2023-03,Mar,False,False,Panipuri,Fastfood,20.0,7.0,9,0.0,0,0,0,9,9,0.0,0.0,180.0
2023-03-07,2023-03,Mar,False,False,Sandwich,Fastfood,60.0,21.0,1,4.75,6,1,5,0,5,60.0,105.0,0.0
2023-03-07,2023-03,Mar,False,False,Sugarcane juice,Beverages,25.0,8.75,0,6.0,7,0,7,0,7,0.0,61.25,0.0
2023-03-07,2023-03,Mar,False,False,Vadapav,Fastfood,20.0,7.0,0,1.5,2,0,2,0,2,0.0,14.0,0.0
2023-03-08,2023-03,Mié,False,False,Aalopuri,Fastfood,20.0,7.0,0,2.0,3,0,3,0,3,0.0,21.0,0.0
2023-03-08,2023-03,Mié,False,False,Cold coffee,Beverages,40.0,14.0,0,7.75,9,0,9,0,9,0.0,126.0,0.0
2023-03-08,2023-03,Mié,False,False,Frankie,Fastfood,50.0,17.5,0,9.0,10,0,10,0,10,0.0,175.0,0.0
2023-03-08,2023-03,Mié,False,False,Panipuri,Fastfood,20.0,7.0,12,1.5,2,2,0,10,10,40.0,0.0,200.0
2023-03-08,2023-03,Mié,False,False,Sandwich,Fastfood,60.0,21.0,9,4.5,5,5,0,4,4,300.0,0.0,240.0
2023-03-08,2023-03,Mié,False,False,Sugarcane juice,Beverages,25.0,8.75,0,1.75,2,0,2,0,2,0.0,17.5,0.0
2023-03-08,2023-03,Mié,False,False,Vadapav,Fastfood,20.0,7.0,0,6.0,7,0,7,0,7,0.0,49.0,0.0
2023-03-09,2023-03,Jue,False,False,Aalopuri,Fastfood,20.0,7.0,15,6.25,7,7,0,8,8,140.0,0.0,160.0
2023-03-09,2023-03,Jue,False,False,Cold coffee,Beverages,40.0,14.0,0,4.0,5,0,5,0,5,0.0,70.0,0.0
2023-03-09,2023-03,Jue,False,False,Frankie,Fastfood,50.0,17.5,30,2.0,3,3,0,27,27,150.0,0.0,1350.0
2023-03-09,2023-03,Jue,False,False,Panipuri,Fastfood,20.0,7.0,4,0.0,0,0,0,4,4,0.0,0.0,80.0
2023-03-09,2023-03,Jue,False,False,Sandwich,Fastfood,60.0,21.0,0,3.5,4,0,4,0,4,0.0,84.0,0.0
2023-03-09,2023-03,Jue,False,False,Sugarcane juice,Beverages,25.0,8.75,14,3.25,4,4,0,10,10,100.0,0.0,250.0
2023-03-09,2023-03,Jue,False,False,Vadapav,Fastfood,20.0,7.0,0,6.5,8,0,8,0,8,0.0,56.0,0.0
2023-03-10,2023-03,Vie,False,False,Aalopuri,Fastfood,20.0,7.0,12,1.25,2,2,0,10,10,40.0,0.0,200.0
2023-03-10,2023-03,Vie,False,False,Cold coffee,Beverages,40.0,14.0,0,6.75,8,0,8,0,8,0.0,112.0,0.0
2023-03-10,2023-03,Vie,False,False,Frankie,Fastfood,50.0,17.5,7,1.75,2,2,0,5,5,100.0,0.0,250.0
2023-03-10,2023-03,Vie,False,False,Panipuri,Fastfood,20.0,7.0,0,3.25,4,0,4,0,4,0.0,28.0,0.0
2023-03-10,2023-03,Vie,False,False,Sandwich,Fastfood,60.0,21.0,0,4.75,6,0,6,0,6,0.0,126.0,0.0
2023-03-10,2023-03,Vie,False,False,Sugarcane juice,Beverages,25.0,8.75,0,4.75,6,0,6,0,6,0.0,52.5,0.0
2023-03-10,2023-03,Vie,False,False,Vadapav,Fastfood,20.0,7.0,0,0.0,0,0,0,0,0,0.0,0.0,0.0
2023-03-11,2023-03,Sáb,True,False,Aalopuri,Fastfood,20.0,7.0,1,0.0,0,0,0,1,1,0.0,0.0,20.0
2023-03-11,2023-03,Sáb,True,False,Cold coffee,Beverages,40.0,14.0,0,7.5,9,0,9,0,9,0.0,126.0,0.0
2023-03-11,2023-03,Sáb,True,False,Frankie,Fastfood,50.0,17.5,0,2.25,3,0,3,0,3,0.0,52.5,0.0
2023-03-11,2023-03,Sáb,True,False,Panipuri,Fastfood,20.0,7.0,0,0.0,0,0,0,0,0,0.0,0.0,0.0
2023-03-11,2023-03,Sáb,True,False,Sandwich,Fastfood,60.0,21.0,0,0.0,0,0,0,0,0,0.0,0.0,0.0
2023-03-11,2023-03,Sáb,True,False,Sugarcane juice,Beverages,25.0,8.75,0,2.5,3,0,3,0,3,0.0,26.25,0.0
2023-03-11,2023-03,Sáb,True,False,Vadapav,Fastfood,20.0,7.0,7,2.75,4,4,0,3,3,80.0,0.0,60.0
2023-03-12,2023-03,Dom,True,False,Aalopuri,Fastfood,20.0,7.0,4,1.5,2,2,0,2,2,40.0,0.0,40.0
2023-03-12,2023-03,Dom,True,False,Cold coffee,Beverages,40.0,14.0,0,0.0,0,0,0,0,0,0.0,0.0,0.0
2023-03-12,2023-03,Dom,True,False,Frankie,Fastfood,50.0,17.5,0,5.75,7,0,7,0,7,0.0,122.5,0.0
2023-03-12,2023-03,Dom,True,False,Panipuri,Fastfood,20.0,7.0,0,1.0,2,0,2,0,2,0.0,14.0,0.0
2023-03-12,2023-03,Dom,True,False,Sandwich,Fastfood,60.0,21.0,0,0.0,0,0,0,0,0,0.0,0.0,0.0
2023-03-12,2023-03,Dom,True,False,Sugarcane juice,Beverages,25.0,8.75,0,0.0,0,0,0,0,0,0.0,0.0,0.0
2023-03-12,2023-03,Dom,True,False,Vadapav,Fastfood,20.0,7.0,0,8.25,10,0,10,0,10,0.0,70.0,0.0
2023-03-13,2023-03,Lun,False,False,Aalopuri,Fastfood,20.0,7.0,0,2.0,3,0,3,0,3,0.0,21.0,0.0
2023-03-13,2023-03,Lun,False,False,Cold coffee,Beverages,40.0,14.0,14,5.25,6,6,0,8,8,240.0,0.0,320.0
2023-03-13,2023-03,Lun,False,False,Frankie,Fastfood,50.0,17.5,0,5.75,7,0,7,0,7,0.0,122.5,0.0
2023-03-13,2023-03,Lun,False,False,Panipuri,Fastfood,20.0,7.0,0,4.5,5,0,5,0,5,0.0,35.0,0.0
2023-03-13,2023-03,Lun,False,False,Sandwich,Fastfood,60.0,21.0,14,8.25,10,10,0,4,4,600.0,0.0,240.0
2023-03-13,2023-03,Lun,False,False,Sugarcane juice,Beverages,25.0,8.75,0,0.0,0,0,0,0,0,0.0,0.0,0.0
2023-03-13,2023-03,Lun,False,False,Vadapav,Fastfood,20.0,7.0,0,4.25,5,0,5,0,5,0.0,35.0,0.0
2023-03-14,2023-03,Mar,False,False,Aalopuri,Fastfood,20.0,7.0,0,0.25,1,0,1,0,1,0.0,7.0,0.0
2023-03-14,2023-03,Mar,False,False,Cold coffee,Beverages,40.0,14.0,8,3.0,4,4,0,4,4,160.0,0.0,160.0
2023-03-14,2023-03,Mar,False,False,Frankie,Fastfood,50.0,17.5,13,1.5,2,2,0,11,11,100.0,0.0,550.0
2023-03-14,2023-03,Mar,False,False,Panipuri,Fastfood,20.0,7.0,0,2.25,3,0,3,0,3,0.0,21.0,0.0
2023-03-14,2023-03,Mar,False,False,Sandwich,Fastfood,60.0,21.0,0,4.0,5,0,5,0,5,0.0,105.0,0.0
2023-03-14,2023-03,Mar,False,False,Sugarcane juice,Beverages,25.0,8.75,0,0.0,0,0,0,0,0,0.0,0.0,0.0
2023-03-14,2023-03,Mar,False,False,Vadapav,Fastfood,20.0,7.0,0,1.5,2,0,2,0,2,0.0,14.0,0.0
2023-03-15,2023-03,Mié,False,True,Aalopuri,Fastfood,20.0,7.0,0,2.0,3,0,3,0,3,0.0,21.0,0.0
2023-03-15,2023-03,Mié,False,True,Cold coffee,Beverages,40.0,14.0,4,7.75,9,4,5,0,5,160.0,70.0,0.0
2023-03-15,2023-03,Mié,False,True,Frankie,Fastfood,50.0,17.5,2,6.0,7,2,5,0,5,100.0,87.5,0.0
2023-03-15,2023-03,Mié,False,True,Panipuri,Fastfood,20.0,7.0,0,3.75,5,0,5,0,5,0.0,35.0,0.0
2023-03-15,2023-03,Mié,False,True,Sandwich,Fastfood,60.0,21.0,20,6.75,8,8,0,12,12,480.0,0.0,720.0
2023-03-15,2023-03,Mié,False,True,Sugarcane juice,Beverages,25.0,8.75,10,1.75,2,2,0,8,8,50.0,0.0,200.0
2023-03-15,2023-03,Mié,False,True,Vadapav,Fastfood,20.0,7.0,1,3.0,4,1,3,0,3,20.0,21.0,0.0
2023-03-16,2023-03,Jue,False,True,Aalopuri,Fastfood,20.0,7.0,3,10.0,11,3,8,0,8,60.0,56.0,0.0
2023-03-16,2023-03,Jue,False,True,Cold coffee,Beverages,40.0,14.0,0,4.0,5,0,5,0,5,0.0,70.0,0.0
2023-03-16,2023-03,Jue,False,True,Frankie,Fastfood,50.0,17.5,11,9.5,11,11,0,0,0,550.0,0.0,0.0
2023-03-16,2023-03,Jue,False,True,Panipuri,Fastfood,20.0,7.0,6,1.0,2,2,0,4,4,40.0,0.0,80.0
2023-03-16,2023-03,Jue,False,True,Sandwich,Fastfood,60.0,21.0,0,3.5,4,0,4,0,4,0.0,84.0,0.0
2023-03-16,2023-03,Jue,False,True,Sugarcane juice,Beverages,25.0,8.75,12,6.75,8,8,0,4,4,200.0,0.0,100.0
2023-03-16,2023-03,Jue,False,True,Vadapav,Fastfood,20.0,7.0,0,2.75,4,0,4,0,4,0.0,28.0,0.0
2023-03-17,2023-03,Vie,False,False,Aalopuri,Fastfood,20.0,7.0,0,4.25,5,0,5,0,5,0.0,35.0,0.0
2023-03-17,2023-03,Vie,False,False,Cold coffee,Beverages,40.0,14.0,10,4.25,5,5,0,5,5,200.0,0.0,200.0
2023-03-17,2023-03,Vie,False,False,Frankie,Fastfood,50.0,17.5,0,3.5,4,0,4,0,4,0.0,70.0,0.0
2023-03-17,2023-03,Vie,False,False,Panipuri,Fastfood,20.0,7.0,0,3.25,4,0,4,0,4,0.0,28.0,0.0
2023-03-17,2023-03,Vie,False,False,Sandwich,Fastfood,60.0,21.0,0,4.75,6,0,6,0,6,0.0,126.0,0.0
2023-03-17,2023-03,Vie,False,False,Sugarcane juice,Beverages,25.0,8.75,14,2.5,3,3,0,11,11,75.0,0.0,275.0
2023-03-17,2023-03,Vie,False,False,Vadapav,Fastfood,20.0,7.0,0,0.0,0,0,0,0,0,0.0,0.0,0.0
2023-03-18,2023-03,Sáb,True,False,Aalopuri,Fastfood,20.0,7.0,0,0.25,1,0,1,0,1,0.0,7.0,0.0
2023-03-18,2023-03,Sáb,True,False,Cold coffee,Beverages,40.0,14.0,0,7.5,9,0,9,0,9,0.0,126.0,0.0
2023-03-18,2023-03,Sáb,True,False,Frankie,Fastfood,50.0,17.5,0,2.25,3,0,3,0,3,0.0,52.5,0.0
2023-03-18,2023-03,Sáb,True,False,Panipuri,Fastfood,20.0,7.0,0,0.0,0,0,0,0,0,0.0,0.0,0.0
2023-03-18,2023-03,Sáb,True,False,Sandwich,Fastfood,60.0,21.0,11,0.0,0,0,0,11,11,0.0,0.0,660.0
2023-03-18,2023-03,Sáb,True,False,Sugarcane juice,Beverages,25.0,8.75,7,0.0,0,0,0,7,7,0.0,0.0,175.0
2023-03-18,2023-03,Sáb,True,False,Vadapav,Fastfood,20.0,7.0,0,4.5,5,0,5,0,5,0.0,35.0,0.0
2023-03-19,2023-03,Dom,True,False,Aalopuri,Fastfood,20.0,7.0,0,2.5,3,0,3,0,3,0.0,21.0,0.0
2023-03-19,2023-03,Dom,True,False,Cold coffee,Beverages,40.0,14.0,0,0.0,0,0,0,0,0,0.0,0.0,0.0
2023-03-19,2023-03,Dom,True,False,Frankie,Fastfood,50.0,17.5,26,4.75,6,6,0,20,20,300.0,0.0,1000.0
2023-03-19,2023-03,Dom,True,False,Panipuri,Fastfood,20.0,7.0,11,1.0,2,2,0,9,9,40.0,0.0,180.0
2023-03-19,2023-03,Dom,True,False,Sandwich,Fastfood,60.0,21.0,28,0.0,0,0,0,28,28,0.0,0.0,1680.0
2023-03-19,2023-03,Dom,True,False,Sugarcane juice,Beverages,25.0,8.75,6,0.0,0,0,0,6,6,0.0,0.0,150.0
2023-03-19,2023-03,Dom,True,False,Vadapav,Fastfood,20.0,7.0,0,8.25,10,0,10,0,10,0.0,70.0,0.0
2023-03-20,2023-03,Lun,False,False,Aalopuri,Fastfood,20.0,7.0,0,0.0,0,0,0,0,0,0.0,0.0,0.0
2023-03-20,2023-03,Lun,False,False,Cold coffee,Beverages,40.0,14.0,9,8.75,10,9,1,0,1,360.0,14.0,0.0
2023-03-20,2023-03,Lun,False,False,Frankie,Fastfood,50.0,17.5,0,5.75,7,0,7,0,7,0.0,122.5,0.0
2023-03-20,2023-03,Lun,False,False,Panipuri,Fastfood,20.0,7.0,0,0.0,0,0,0,0,0,0.0,0.0,0.0
2023-03-20,2023-03,Lun,False,False,Sandwich,Fastfood,60.0,21.0,0,5.25,6,0,6,0,6,0.0,126.0,0.0
2023-03-20,2023-03,Lun,False,False,Sugarcane juice,Beverages,25.0,8.75,0,0.0,0,0,0,0,0,0.0,0.0,0.0
2023-03-20,2023-03,Lun,False,False,Vadapav,Fastfood,20.0,7.0,0,2.25,3,0,3,0,3,0.0,21.0,0.0
2023-03-21,2023-03,Mar,False,False,Aalopuri,Fastfood,20.0,7.0,14,0.25,1,1,0,13,13,20.0,0.0,260.0
2023-03-21,2023-03,Mar,False,False,Cold coffee,Beverages,40.0,14.0,5,5.0,6,5,1,0,1,200.0,14.0,0.0
2023-03-21,2023-03,Mar,False,False,Frankie,Fastfood,50.0,17.5,0,4.75,6,0,6,0,6,0.0,105.0,0.0
2023-03-21,2023-03,Mar,False,False,Panipuri,Fastfood,20.0,7.0,0,2.25,3,0,3,0,3,0.0,21.0,0.0
2023-03-21,2023-03,Mar,False,False,Sandwich,Fastfood,60.0,21.0,0,2.25,3,0,3,0,3,0.0,63.0,0.0
2023-03-21,2023-03,Mar,False,False,Sugarcane juice,Beverages,25.0,8.75,0,0.0,0,0,0,0,0,0.0,0.0,0.0
2023-03-21,2023-03,Mar,False,False,Vadapav,Fastfood,20.0,7.0,0,0.0,0,0,0,0,0,0.0,0.0,0.0
2023-03-22,2023-03,Mié,False,False,Aalopuri,Fastfood,20.0,7.0,0,2.0,3,0,3,0,3,0.0,21.0,0.0
2023-03-22,2023-03,Mié,False,False,Cold coffee,Beverages,40.0,14.0,6,5.25,6,6,0,0,0,240.0,0.0,0.0
2023-03-22,2023-03,Mié,False,False,Frankie,Fastfood,50.0,17.5,0,2.75,4,0,4,0,4,0.0,70.0,0.0
2023-03-22,2023-03,Mié,False,False,Panipuri,Fastfood,20.0,7.0,0,3.0,4,0,4,0,4,0.0,28.0,0.0
2023-03-22,2023-03,Mié,False,False,Sandwich,Fastfood,60.0,21.0,0,11.75,13,0,13,0,13,0.0,273.0,0.0
2023-03-22,2023-03,Mié,False,False,Sugarcane juice,Beverages,25.0,8.75,0,4.25,5,0,5,0,5,0.0,43.75,0.0
2023-03-22,2023-03,Mié,False,False,Vadapav,Fastfood,20.0,7.0,0,3.25,4,0,4,0,4,0.0,28.0,0.0
2023-03-23,2023-03,Jue,False,False,Aalopuri,Fastfood,20.0,7.0,0,10.75,12,0,12,0,12,0.0,84.0,0.0
2023-03-23,2023-03,Jue,False,False,Cold coffee,Beverages,40.0,14.0,10,1.5,2,2,0,8,8,80.0,0.0,320.0
2023-03-23,2023-03,Jue,False,False,Frankie,Fastfood,50.0,17.5,0,12.25,14,0,14,0,14,0.0,245.0,0.0
2023-03-23,2023-03,Jue,False,False,Panipuri,Fastfood,20.0,7.0,12,2.5,3,3,0,9,9,60.0,0.0,180.0
2023-03-23,2023-03,Jue,False,False,Sandwich,Fastfood,60.0,21.0,0,3.5,4,0,4,0,4,0.0,84.0,0.0
2023-03-23,2023-03,Jue,False,False,Sugarcane juice,Beverages,25.0,8.75,14,7.25,8,8,0,6,6,200.0,0.0,150.0
2023-03-23,2023-03,Jue,False,False,Vadapav,Fastfood,20.0,7.0,0,2.75,4,0,4,0,4,0.0,28.0,0.0
2023-03-24,2023-03,Vie,False,False,Aalopuri,Fastfood,20.0,7.0,0,3.75,5,0,5,0,5,0.0,35.0,0.0
2023-03-24,2023-03,Vie,False,False,Cold coffee,Beverages,40.0,14.0,2,6.0,7,2,5,0,5,80.0,70.0,0.0
2023-03-24,2023-03,Vie,False,False,Frankie,Fastfood,50.0,17.5,0,3.5,4,0,4,0,4,0.0,70.0,0.0
2023-03-24,2023-03,Vie,False,False,Panipuri,Fastfood,20.0,7.0,0,3.25,4,0,4,0,4,0.0,28.0,0.0
2023-03-24,2023-03,Vie,False,False,Sandwich,Fastfood,60.0,21.0,0,1.75,2,0,2,0,2,0.0,42.0,0.0
2023-03-24,2023-03,Vie,False,False,Sugarcane juice,Beverages,25.0,8.75,0,6.0,7,0,7,0,7,0.0,61.25,0.0
2023-03-24,2023-03,Vie,False,False,Vadapav,Fastfood,20.0,7.0,0,0.0,0,0,0,0,0,0.0,0.0,0.0
2023-03-25,2023-03,Sáb,True,False,Aalopuri,Fastfood,20.0,7.0,2,0.25,1,1,0,1,1,20.0,0.0,20.0
2023-03-25,2023-03,Sáb,True,False,Cold coffee,Beverages,40.0,14.0,13,3.75,5,5,0,8,8,200.0,0.0,320.0
2023-03-25,2023-03,Sáb,True,False,Frankie,Fastfood,50.0,17.5,0,2.25,3,0,3,0,3,0.0,52.5,0.0
2023-03-25,2023-03,Sáb,True,False,Panipuri,Fastfood,20.0,7.0,14,0.0,0,0,0,14,14,0.0,0.0,280.0
2023-03-25,2023-03,Sáb,True,False,Sandwich,Fastfood,60.0,21.0,0,2.75,4,0,4,0,4,0.0,84.0,0.0
2023-03-25,2023-03,Sáb,True,False,Sugarcane juice,Beverages,25.0,8.75,0,1.75,2,0,2,0,2,0.0,17.5,0.0
2023-03-25,2023-03,Sáb,True,False,Vadapav,Fastfood,20.0,7.0,0,4.5,5,0,5,0,5,0.0,35.0,0.0
2023-03-26,2023-03,Dom,True,False,Aalopuri,Fastfood,20.0,7.0,0,2.5,3,0,3,0,3,0.0,21.0,0.0
2023-03-26,2023-03,Dom,True,False,Cold coffee,Beverages,40.0,14.0,0,0.0,0,0,0,0,0,0.0,0.0,0.0
2023-03-26,2023-03,Dom,True,False,Frankie,Fastfood,50.0,17.5,0,11.25,13,0,13,0,13,0.0,227.5,0.0
2023-03-26,2023-03,Dom,True,False,Panipuri,Fastfood,20.0,7.0,0,3.75,5,0,5,0,5,0.0,35.0,0.0
2023-03-26,2023-03,Dom,True,False,Sandwich,Fastfood,60.0,21.0,1,7.0,8,1,7,0,7,60.0,147.0,0.0
2023-03-26,2023-03,Dom,True,False,Sugarcane juice,Beverages,25.0,8.75,0,1.5,2,0,2,0,2,0.0,17.5,0.0
2023-03-26,2023-03,Dom,True,False,Vadapav,Fastfood,20.0,7.0,11,4.5,5,5,0,6,6,100.0,0.0,120.0
2023-03-27,2023-03,Lun,False,False,Aalopuri,Fastfood,20.0,7.0,0,0.0,0,0,0,0,0,0.0,0.0,0.0
2023-03-27,2023-03,Lun,False,False,Cold coffee,Beverages,40.0,14.0,0,5.75,7,0,7,0,7,0.0,98.0,0.0
2023-03-27,2023-03,Lun,False,False,Frankie,Fastfood,50.0,17.5,0,5.75,7,0,7,0,7,0.0,122.5,0.0
2023-03-27,2023-03,Lun,False,False,Panipuri,Fastfood,20.0,7.0,34,0.0,0,0,0,34,34,0.0,0.0,680.0
2023-03-27,2023-03,Lun,False,False,Sandwich,Fastfood,60.0,21.0,6,5.25,6,6,0,0,0,360.0,0.0,0.0
2023-03-27,2023-03,Lun,False,False,Sugarcane juice,Beverages,25.0,8.75,0,0.0,0,0,0,0,0,0.0,0.0,0.0
2023-03-27,2023-03,Lun,False,False,Vadapav,Fastfood,20.0,7.0,0,2.25,3,0,3,0,3,0.0,21.0,0.0
2023-03-28,2023-03,Mar,False,False,Aalopuri,Fastfood,20.0,7.0,0,3.75,5,0,5,0,5,0.0,35.0,0.0
2023-03-28,2023-03,Mar,False,False,Cold coffee,Beverages,40.0,14.0,0,3.25,4,0,4,0,4,0.0,56.0,0.0
2023-03-28,2023-03,Mar,False,False,Frankie,Fastfood,50.0,17.5,0,4.75,6,0,6,0,6,0.0,105.0,0.0
2023-03-28,2023-03,Mar,False,False,Panipuri,Fastfood,20.0,7.0,0,2.25,3,0,3,0,3,0.0,21.0,0.0
2023-03-28,2023-03,Mar,False,False,Sandwich,Fastfood,60.0,21.0,0,0.25,1,0,1,0,1,0.0,21.0,0.0
2023-03-28,2023-03,Mar,False,False,Sugarcane juice,Beverages,25.0,8.75,0,0.0,0,0,0,0,0,0.0,0.0,0.0
2023-03-28,2023-03,Mar,False,False,Vadapav,Fastfood,20.0,7.0,0,0.0,0,0,0,0,0,0.0,0.0,0.0
2023-03-29,2023-03,Mié,False,False,Aalopuri,Fastfood,20.0,7.0,0,0.0,0,0,0,0,0,0.0,0.0,0.0
2023-03-29,2023-03,Mié,False,False,Cold coffee,Beverages,40.0,14.0,27,5.25,6,6,0,21,21,240.0,0.0,840.0
2023-03-29,2023-03,Mié,False,False,Frankie,Fastfood,50.0,17.5,0,0.5,1,0,1,0,1,0.0,17.5,0.0
2023-03-29,2023-03,Mié,False,False,Panipuri,Fastfood,20.0,7.0,0,3.0,4,0,4,0,4,0.0,28.0,0.0
2023-03-29,2023-03,Mié,False,False,Sandwich,Fastfood,60.0,21.0,0,11.75,13,0,13,0,13,0.0,273.0,0.0
2023-03-29,2023-03,Mié,False,False,Sugarcane juice,Beverages,25.0,8.75,0,4.25,5,0,5,0,5,0.0,43.75,0.0
2023-03-29,2023-03,Mié,False,False,Vadapav,Fastfood,20.0,7.0,0,3.25,4,0,4,0,4,0.0,28.0,0.0
2023-03-30,2023-03,Jue,False,False,Aalopuri,Fastfood,20.0,7.0,0,10.75,12,0,12,0,12,0.0,84.0,0.0
2023-03-30,2023-03,Jue,False,False,Cold coffee,Beverages,40.0,14.0,0,2.5,3,0,3,0,3,0.0,42.0,0.0
2023-03-30,2023-03,Jue,False,False,Frankie,Fastfood,50.0,17.5,0,12.25,14,0,14,0,14,0.0,245.0,0.0
2023-03-30,2023-03,Jue,False,False,Panipuri,Fastfood,20.0,7.0,0,5.5,7,0,7,0,7,0.0,49.0,0.0
2023-03-30,2023-03,Jue,False,False,Sandwich,Fastfood,60.0,21.0,0,0.0,0,0,0,0,0,0.0,0.0,0.0
2023-03-30,2023-03,Jue,False,False,Sugarcane juice,Beverages,25.0,8.75,14,10.0,11,11,0,3,3,275.0,0.0,75.0
2023-03-30,2023-03,Jue,False,False,Vadapav,Fastfood,20.0,7.0,0,2.75,4,0,4,0,4,0.0,28.0,0.0
